Workbook

Sheet LeaderBoard WoW
A2: Employee Name | B2: Total GCP Points W13-01 | C2: Total GCP Points W20-01 | D2: Change WoW
A3: Amandeep Singh | B3: 357 | C3: 372 | D3: =IF(C3>B3,C3-B3,IF(C3<B3,C3-B3,0)) -> 15
A4: Andres Felipe Lagos Ruiz | B4: 354 | C4: 354 | D4: =IF(C4>B4,C4-B4,IF(C4<B4,C4-B4,0)) -> 0
A5: Venkatesh Coimbatore Kannan | B5: 264 | C5: 264 | D5: =IF(C5>B5,C5-B5,IF(C5<B5,C5-B5,0)) -> 0
A6: Ankit Pandey | B6: 217 | C6: 217 | D6: =IF(C6>B6,C6-B6,IF(C6<B6,C6-B6,0)) -> 0
A7: Richard Saavedra | B7: 183 | C7: 183 | D7: =IF(C7>B7,C7-B7,IF(C7<B7,C7-B7,0)) -> 0
A8: Abhinav Chandna | B8: 125 | C8: 125 | D8: =IF(C8>B8,C8-B8,IF(C8<B8,C8-B8,0)) -> 0
A9: Raman Bangalore Venkatakrishnan | B9: 123 | C9: 123 | D9: =IF(C9>B9,C9-B9,IF(C9<B9,C9-B9,0)) -> 0
A10: Ka Ho Ng | B10: 90 | C10: 90 | D10: =IF(C10>B10,C10-B10,IF(C10<B10,C10-B10,0)) -> 0
A11: Igor Wilk | B11: 75 | C11: 75 | D11: =IF(C11>B11,C11-B11,IF(C11<B11,C11-B11,0)) -> 0
A12: Luis Vilches | B12: 70 | C12: 70 | D12: =IF(C12>B12,C12-B12,IF(C12<B12,C12-B12,0)) -> 0
A13: Camila Da Silveira | B13: 70 | C13: 70 | D13: =IF(C13>B13,C13-B13,IF(C13<B13,C13-B13,0)) -> 0
A14: Fernando Espinoza | B14: 60 | C14: 60 | D14: =IF(C14>B14,C14-B14,IF(C14<B14,C14-B14,0)) -> 0
... A29: Bruno Rodríguez | B29: 5 | C29: 10 | D29: =IF(C29>B29,C29-B29,IF(C29<B29,C29-B29,0)) -> 5
A30: Grand Total | B30: =SUM(B3:B29) -> 2345 | C30: =SUM(C3:C29) -> 2375 | D30: =IF(C30>B30,C30-B30,IF(C30<B30,C30-B30,0)) -> 30

Sheet Leaderboards
A2: Employee Name | B2: Total GCP Points
A3: Amandeep Singh | B3: 372
A4: Andres Felipe Lagos Ruiz | B4: 354
A5: Venkatesh Coimbatore Kannan | B5: 264
A6: Ankit Pandey | B6: 217
A7: Richard Saavedra | B7: 183
A8: Abhinav Chandna | B8: 125
A9: Raman Bangalore Venkatakrishnan | B9: 123
A10: Ka Ho Ng | B10: 90
A11: Igor Wilk | B11: 75
A12: Luis Vilches | B12: 70
A13: Camila Da Silveira | B13: 70
A14: Fernando Espinoza | B14: 60
... A30: Grand Total | B30: 2375

Sheet DA Summary
A1: EMP ID | B1: Entity | C1: Employee Name | D1: Designation | E1: Level | F1: RM Name | G1: LOB | H1: Sub Lob | I1: Category | J1: ROLE | K1: Practice | L1: Practice Leader | M1: Certificate mapping | N1: BigQuery | O1: Looker | P1: Dataflow | Q1: Dataproc | R1: GKE | S1: Apigee | T1: Cloud Run | U1: Workspace | V1: Cloud SQL | W1: AlloyDB | X1: Spanner | Y1: Oracle | Z1: GCE | AA1: GCN | AB1: SAP | AC1: VMware | AD1: GDC | AE1: Cloud Sec. | AF1: SCC | AG1: SecOps | AH1: GTI | AI1: Vertex AI | AJ1: AI App | AK1: Gemini | AL1: CES | AM1: Grand Total
A2: CAN-20796 | B2: CAN | C2: Abhinandan Singh Jamwal | D2: Consultant | E2: L4 | F2: Nishant Saxena | G2: CIDA-05 | H2: CIDA-05-3 | I2: Ops | J2: BI Developer | K2: DM | L2: Nishant Saxena | N2: =VLOOKUP(C2,BigQuery!$1:$1048576,10,FALSE) -> 0 | O2: =VLOOKUP(C2,Looker!$1:$1048576,10,FALSE) -> 0 | P2: =VLOOKUP(C2,Dataflow!$1:$1048576,10,FALSE) -> 0 | Q2: =VLOOKUP(C2,Dataproc!$1:$1048576,10,FALSE) -> 0 | R2: =VLOOKUP(C2,'Google Kubernetes Engine'!$1:$1048576,10,FALSE) -> 0 | S2: =VLOOKUP(C2,'Apigee API Management'!$1:$1048576,10,FALSE) -> 0 | T2: =VLOOKUP(C2,'Cloud Run'!$1:$1048576,10,FALSE) -> 0 | U2: =VLOOKUP(C2,Workspace!$1:$1048576,10,FALSE) -> 0 | V2: =VLOOKUP(C2,'Cloud SQL'!$1:$1048576,10,FALSE) -> 0 | W2: =VLOOKUP(C2,'AlloyDB for PostgreSQL'!$1:$1048576,10,FALSE) -> 0 | X2: =VLOOKUP(C2,Spanner!$1:$1048576,10,FALSE) -> 0 | Y2: =VLOOKUP(C2,Oracle!$1:$1048576,10,FALSE) -> 0 | Z2: =VLOOKUP(C2,'Google Compute Engine'!$1:$1048576,10,FALSE) -> 0 | AA2: =VLOOKUP(C2,'Google Cloud Networking'!$1:$1048576,10,FALSE) -> 0 | AB2: =VLOOKUP(C2,'SAP on Google Cloud'!$1:$1048576,10,FALSE) -> 0 | AC2: =VLOOKUP(C2,'Google Cloud VMware Engine'!$1:$1048576,10,FALSE) -> 0 | AD2: =VLOOKUP(C2,'Google Distributed Cloud'!$1:$1048576,10,FALSE) -> 0 | AE2: =VLOOKUP(C2,'Cloud Security'!$1:$1048576,10,FALSE) -> 0 | AF2: =VLOOKUP(C2,'Security Command Center'!$1:$1048576,10,FALSE) -> 0 | AG2: =VLOOKUP(C2,'Security Operations'!$1:$1048576,10,FALSE) -> 0 | AH2: =VLOOKUP(C2,'Google Threat Intelligence'!$1:$1048576,10,FALSE) -> 0 | AI2: =VLOOKUP(C2,'Vertex AI Platform'!$1:$1048576,10,FALSE) -> 0 | AJ2: =VLOOKUP(C2,'AI Applications'!$1:$1048576,10,FALSE) -> 0 | AK2: =VLOOKUP(C2,'Gemini Enterprise'!$1:$1048576,10,FALSE) -> 0 | AL2: =VLOOKUP(C2,'Customer Engagement Suite'!$1:$1048576,10,FALSE) -> 0 | AM2: =SUM(N2:AL2) -> 0
A3: CAN-23494 | B3: CAN | C3: Abhinav Chandna | D3: Senior Consultant | E3: L5 | F3: Venkatesh Kannan | G3: CIDA-05 | H3: CIDA-05-1 | I3: Ops | J3: Data Engineer | K3: DE | L3: Venkatesh Coimbatore Kannan | N3: =VLOOKUP(C3,BigQuery!$1:$1048576,10,FALSE) -> 34 | O3: =VLOOKUP(C3,Looker!$1:$1048576,10,FALSE) -> 14 | P3: =VLOOKUP(C3,Dataflow!$1:$1048576,10,FALSE) -> 39 | Q3: =VLOOKUP(C3,Dataproc!$1:$1048576,10,FALSE) -> 24 | R3: =VLOOKUP(C3,'Google Kubernetes Engine'!$1:$1048576,10,FALSE) -> 0 | S3: =VLOOKUP(C3,'Apigee API Management'!$1:$1048576,10,FALSE) -> 0 | T3: =VLOOKUP(C3,'Cloud Run'!$1:$1048576,10,FALSE) -> 0 | U3: =VLOOKUP(C3,Workspace!$1:$1048576,10,FALSE) -> 0 | V3: =VLOOKUP(C3,'Cloud SQL'!$1:$1048576,10,FALSE) -> 0 | W3: =VLOOKUP(C3,'AlloyDB for PostgreSQL'!$1:$1048576,10,FALSE) -> 0 | X3: =VLOOKUP(C3,Spanner!$1:$1048576,10,FALSE) -> 0 | Y3: =VLOOKUP(C3,Oracle!$1:$1048576,10,FALSE) -> 0 | Z3: =VLOOKUP(C3,'Google Compute Engine'!$1:$1048576,10,FALSE) -> 0 | AA3: =VLOOKUP(C3,'Google Cloud Networking'!$1:$1048576,10,FALSE) -> 0 | AB3: =VLOOKUP(C3,'SAP on Google Cloud'!$1:$1048576,10,FALSE) -> 0 | AC3: =VLOOKUP(C3,'Google Cloud VMware Engine'!$1:$1048576,10,FALSE) -> 0 | AD3: =VLOOKUP(C3,'Google Distributed Cloud'!$1:$1048576,10,FALSE) -> 0 | AE3: =VLOOKUP(C3,'Cloud Security'!$1:$1048576,10,FALSE) -> 0 | AF3: =VLOOKUP(C3,'Security Command Center'!$1:$1048576,10,FALSE) -> 0 | AG3: =VLOOKUP(C3,'Security Operations'!$1:$1048576,10,FALSE) -> 0 | AH3: =VLOOKUP(C3,'Google Threat Intelligence'!$1:$1048576,10,FALSE) -> 0 | AI3: =VLOOKUP(C3,'Vertex AI Platform'!$1:$1048576,10,FALSE) -> 14 | AJ3: =VLOOKUP(C3,'AI Applications'!$1:$1048576,10,FALSE) -> 0 | AK3: =VLOOKUP(C3,'Gemini Enterprise'!$1:$1048576,10,FALSE) -> 0 | AL3: =VLOOKUP(C3,'Customer Engagement Suite'!$1:$1048576,10,FALSE) -> 0 | AM3: =SUM(N3:AL3) -> 125
A4: INC-24352 | B4: INC | C4: Kumar Shiveshwar | D4: Junior Analyst | E4: L1 | F4: Duwage Gunasekara | G4: CIDA-05 | H4: CIDA-05-2 | I4: Ops | J4: Data Scientist | K4: DS | L4: Rajat Singh | N4: =VLOOKUP(C4,BigQuery!$1:$1048576,10,FALSE) -> 0 | O4: =VLOOKUP(C4,Looker!$1:$1048576,10,FALSE) -> 0 | P4: =VLOOKUP(C4,Dataflow!$1:$1048576,10,FALSE) -> 0 | Q4: =VLOOKUP(C4,Dataproc!$1:$1048576,10,FALSE) -> 0 | R4: =VLOOKUP(C4,'Google Kubernetes Engine'!$1:$1048576,10,FALSE) -> 0 | S4: =VLOOKUP(C4,'Apigee API Management'!$1:$1048576,10,FALSE) -> 0 | T4: =VLOOKUP(C4,'Cloud Run'!$1:$1048576,10,FALSE) -> 0 | U4: =VLOOKUP(C4,Workspace!$1:$1048576,10,FALSE) -> 0 | V4: =VLOOKUP(C4,'Cloud SQL'!$1:$1048576,10,FALSE) -> 0 | W4: =VLOOKUP(C4,'AlloyDB for PostgreSQL'!$1:$1048576,10,FALSE) -> 0 | X4: =VLOOKUP(C4,Spanner!$1:$1048576,10,FALSE) -> 0 | Y4: =VLOOKUP(C4,Oracle!$1:$1048576,10,FALSE) -> 0 | Z4: =VLOOKUP(C4,'Google Compute Engine'!$1:$1048576,10,FALSE) -> 0 | AA4: =VLOOKUP(C4,'Google Cloud Networking'!$1:$1048576,10,FALSE) -> 0 | AB4: =VLOOKUP(C4,'SAP on Google Cloud'!$1:$1048576,10,FALSE) -> 0 | AC4: =VLOOKUP(C4,'Google Cloud VMware Engine'!$1:$1048576,10,FALSE) -> 0 | AD4: =VLOOKUP(C4,'Google Distributed Cloud'!$1:$1048576,10,FALSE) -> 0 | AE4: =VLOOKUP(C4,'Cloud Security'!$1:$1048576,10,FALSE) -> 0 | AF4: =VLOOKUP(C4,'Security Command Center'!$1:$1048576,10,FALSE) -> 0 | AG4: =VLOOKUP(C4,'Security Operations'!$1:$1048576,10,FALSE) -> 0 | AH4: =VLOOKUP(C4,'Google Threat Intelligence'!$1:$1048576,10,FALSE) -> 0 | AI4: =VLOOKUP(C4,'Vertex AI Platform'!$1:$1048576,10,FALSE) -> 0 | AJ4: =VLOOKUP(C4,'AI Applications'!$1:$1048576,10,FALSE) -> 0 | AK4: =VLOOKUP(C4,'Gemini Enterprise'!$1:$1048576,10,FALSE) -> 0 | AL4: =VLOOKUP(C4,'Customer Engagement Suite'!$1:$1048576,10,FALSE) -> 0 | AM4: =SUM(N4:AL4) -> 0
A5: CHI-9082 | B5: CHI | C5: Alvaro Flores | D5: Senior Consultant | E5: L5 | F5: Daniel Gatica | G5: CIDA-01 | H5: CIDA-01-1 | I5: Ops | J5: Data Engineer | K5: DE | L5: Venkatesh Coimbatore Kannan | N5: =VLOOKUP(C5,BigQuery!$1:$1048576,10,FALSE) -> 0 | O5: =VLOOKUP(C5,Looker!$1:$1048576,10,FALSE) -> 0 | P5: =VLOOKUP(C5,Dataflow!$1:$1048576,10,FALSE) -> 0 | Q5: =VLOOKUP(C5,Dataproc!$1:$1048576,10,FALSE) -> 0 | R5: =VLOOKUP(C5,'Google Kubernetes Engine'!$1:$1048576,10,FALSE) -> 0 | S5: =VLOOKUP(C5,'Apigee API Management'!$1:$1048576,10,FALSE) -> 0 | T5: =VLOOKUP(C5,'Cloud Run'!$1:$1048576,10,FALSE) -> 0 | U5: =VLOOKUP(C5,Workspace!$1:$1048576,10,FALSE) -> 0 | V5: =VLOOKUP(C5,'Cloud SQL'!$1:$1048576,10,FALSE) -> 0 | W5: =VLOOKUP(C5,'AlloyDB for PostgreSQL'!$1:$1048576,10,FALSE) -> 0 | X5: =VLOOKUP(C5,Spanner!$1:$1048576,10,FALSE) -> 0 | Y5: =VLOOKUP(C5,Oracle!$1:$1048576,10,FALSE) -> 0 | Z5: =VLOOKUP(C5,'Google Compute Engine'!$1:$1048576,10,FALSE) -> 0 | AA5: =VLOOKUP(C5,'Google Cloud Networking'!$1:$1048576,10,FALSE) -> 0 | AB5: =VLOOKUP(C5,'SAP on Google Cloud'!$1:$1048576,10,FALSE) -> 0 | AC5: =VLOOKUP(C5,'Google Cloud VMware Engine'!$1:$1048576,10,FALSE) -> 0 | AD5: =VLOOKUP(C5,'Google Distributed Cloud'!$1:$1048576,10,FALSE) -> 0 | AE5: =VLOOKUP(C5,'Cloud Security'!$1:$1048576,10,FALSE) -> 0 | AF5: =VLOOKUP(C5,'Security Command Center'!$1:$1048576,10,FALSE) -> 0 | AG5: =VLOOKUP(C5,'Security Operations'!$1:$1048576,10,FALSE) -> 0 | AH5: =VLOOKUP(C5,'Google Threat Intelligence'!$1:$1048576,10,FALSE) -> 0 | AI5: =VLOOKUP(C5,'Vertex AI Platform'!$1:$1048576,10,FALSE) -> 0 | AJ5: =VLOOKUP(C5,'AI Applications'!$1:$1048576,10,FALSE) -> 0 | AK5: =VLOOKUP(C5,'Gemini Enterprise'!$1:$1048576,10,FALSE) -> 0 | AL5: =VLOOKUP(C5,'Customer Engagement Suite'!$1:$1048576,10,FALSE) -> 0 | AM5: =SUM(N5:AL5) -> 0
A6: CHI-14611 | B6: CHI | C6: Amandeep Singh | D6: Principal Consultant | E6: L6 | F6: Walter Paredes | G6: CIDA-01 | H6: CIDA-01-6 | I6: Ops | J6: ML Engineer | K6: SD | L6: Walter Paredes | M6: Professional Cloud DevOps Engineer | N6: =VLOOKUP(C6,BigQuery!$1:$1048576,10,FALSE) -> 24 | O6: =VLOOKUP(C6,Looker!$1:$1048576,10,FALSE) -> 0 | P6: =VLOOKUP(C6,Dataflow!$1:$1048576,10,FALSE) -> 19 | Q6: =VLOOKUP(C6,Dataproc!$1:$1048576,10,FALSE) -> 0 | R6: =VLOOKUP(C6,'Google Kubernetes Engine'!$1:$1048576,10,FALSE) -> 39 | S6: =VLOOKUP(C6,'Apigee API Management'!$1:$1048576,10,FALSE) -> 19 | T6: =VLOOKUP(C6,'Cloud Run'!$1:$1048576,10,FALSE) -> 44 | U6: =VLOOKUP(C6,Workspace!$1:$1048576,10,FALSE) -> 0 | V6: =VLOOKUP(C6,'Cloud SQL'!$1:$1048576,10,FALSE) -> 14 | W6: =VLOOKUP(C6,'AlloyDB for PostgreSQL'!$1:$1048576,10,FALSE) -> 0 | X6: =VLOOKUP(C6,Spanner!$1:$1048576,10,FALSE) -> 0 | Y6: =VLOOKUP(C6,Oracle!$1:$1048576,10,FALSE) -> 0 | Z6: =VLOOKUP(C6,'Google Compute Engine'!$1:$1048576,10,FALSE) -> 24 | AA6: =VLOOKUP(C6,'Google Cloud Networking'!$1:$1048576,10,FALSE) -> 34 | AB6: =VLOOKUP(C6,'SAP on Google Cloud'!$1:$1048576,10,FALSE) -> 0 | AC6: =VLOOKUP(C6,'Google Cloud VMware Engine'!$1:$1048576,10,FALSE) -> 0 | AD6: =VLOOKUP(C6,'Google Distributed Cloud'!$1:$1048576,10,FALSE) -> 0 | AE6: =VLOOKUP(C6,'Cloud Security'!$1:$1048576,10,FALSE) -> 19 | AF6: =VLOOKUP(C6,'Security Command Center'!$1:$1048576,10,FALSE) -> 0 | AG6: =VLOOKUP(C6,'Security Operations'!$1:$1048576,10,FALSE) -> 0 | AH6: =VLOOKUP(C6,'Google Threat Intelligence'!$1:$1048576,10,FALSE) -> 0 | AI6: =VLOOKUP(C6,'Vertex AI Platform'!$1:$1048576,10,FALSE) -> 49 | AJ6: =VLOOKUP(C6,'AI Applications'!$1:$1048576,10,FALSE) -> 44 | AK6: =VLOOKUP(C6,'Gemini Enterprise'!$1:$1048576,10,FALSE) -> 24 | AL6: =VLOOKUP(C6,'Customer Engagement Suite'!$1:$1048576,10,FALSE) -> 19 | AM6: =SUM(N6:AL6) -> 372
A7: COL-21961 | B7: COL | C7: Andres Felipe Lagos Ruiz | D7: Senior Analyst | E7: L3 | F7: Lawrence Setien | G7: CIDA-01 | H7: CIDA-01-1 | I7: Ops | J7: Data Engineer | K7: DE | L7: Venkatesh Coimbatore Kannan | N7: =VLOOKUP(C7,BigQuery!$1:$1048576,10,FALSE) -> 29 | O7: =VLOOKUP(C7,Looker!$1:$1048576,10,FALSE) -> 19 | P7: =VLOOKUP(C7,Dataflow!$1:$1048576,10,FALSE) -> 19 | Q7: =VLOOKUP(C7,Dataproc!$1:$1048576,10,FALSE) -> 19 | R7: =VLOOKUP(C7,'Google Kubernetes Engine'!$1:$1048576,10,FALSE) -> 19 | S7: =VLOOKUP(C7,'Apigee API Management'!$1:$1048576,10,FALSE) -> 0 | T7: =VLOOKUP(C7,'Cloud Run'!$1:$1048576,10,FALSE) -> 0 | U7: =VLOOKUP(C7,Workspace!$1:$1048576,10,FALSE) -> 0 | V7: =VLOOKUP(C7,'Cloud SQL'!$1:$1048576,10,FALSE) -> 19 | W7: =VLOOKUP(C7,'AlloyDB for PostgreSQL'!$1:$1048576,10,FALSE) -> 29 | X7: =VLOOKUP(C7,Spanner!$1:$1048576,10,FALSE) -> 24 | Y7: =VLOOKUP(C7,Oracle!$1:$1048576,10,FALSE) -> 19 | Z7: =VLOOKUP(C7,'Google Compute Engine'!$1:$1048576,10,FALSE) -> 34 | AA7: =VLOOKUP(C7,'Google Cloud Networking'!$1:$1048576,10,FALSE) -> 29 | AB7: =VLOOKUP(C7,'SAP on Google Cloud'!$1:$1048576,10,FALSE) -> 19 | AC7: =VLOOKUP(C7,'Google Cloud VMware Engine'!$1:$1048576,10,FALSE) -> 19 | AD7: =VLOOKUP(C7,'Google Distributed Cloud'!$1:$1048576,10,FALSE) -> 24 | AE7: =VLOOKUP(C7,'Cloud Security'!$1:$1048576,10,FALSE) -> 0 | AF7: =VLOOKUP(C7,'Security Command Center'!$1:$1048576,10,FALSE) -> 0 | AG7: =VLOOKUP(C7,'Security Operations'!$1:$1048576,10,FALSE) -> 0 | AH7: =VLOOKUP(C7,'Google Threat Intelligence'!$1:$1048576,10,FALSE) -> 0 | AI7: =VLOOKUP(C7,'Vertex AI Platform'!$1:$1048576,10,FALSE) -> 0 | AJ7: =VLOOKUP(C7,'AI Applications'!$1:$1048576,10,FALSE) -> 19 | AK7: =VLOOKUP(C7,'Gemini Enterprise'!$1:$1048576,10,FALSE) -> 14 | AL7: =VLOOKUP(C7,'Customer Engagement Suite'!$1:$1048576,10,FALSE) -> 0 | AM7: =SUM(N7:AL7) -> 354
A8: INC-16832 | B8: INC | C8: Ankit Pandey | D8: Associate Director | E8: L7 | F8: Rajat Singh | G8: CIDA-01 | H8: CIDA-01-2 | I8: Ops | J8: Data Scientist | K8: DS | L8: Arnav Sharma | N8: =VLOOKUP(C8,BigQuery!$1:$1048576,10,FALSE) -> 34 | O8: =VLOOKUP(C8,Looker!$1:$1048576,10,FALSE) -> 19 | P8: =VLOOKUP(C8,Dataflow!$1:$1048576,10,FALSE) -> 34 | Q8: =VLOOKUP(C8,Dataproc!$1:$1048576,10,FALSE) -> 24 | R8: =VLOOKUP(C8,'Google Kubernetes Engine'!$1:$1048576,10,FALSE) -> 0 | S8: =VLOOKUP(C8,'Apigee API Management'!$1:$1048576,10,FALSE) -> 0 | T8: =VLOOKUP(C8,'Cloud Run'!$1:$1048576,10,FALSE) -> 0 | U8: =VLOOKUP(C8,Workspace!$1:$1048576,10,FALSE) -> 0 | V8: =VLOOKUP(C8,'Cloud SQL'!$1:$1048576,10,FALSE) -> 0 | W8: =VLOOKUP(C8,'AlloyDB for PostgreSQL'!$1:$1048576,10,FALSE) -> 0 | X8: =VLOOKUP(C8,Spanner!$1:$1048576,10,FALSE) -> 0 | Y8: =VLOOKUP(C8,Oracle!$1:$1048576,10,FALSE) -> 0 | Z8: =VLOOKUP(C8,'Google Compute Engine'!$1:$1048576,10,FALSE) -> 0 | AA8: =VLOOKUP(C8,'Google Cloud Networking'!$1:$1048576,10,FALSE) -> 0 | AB8: =VLOOKUP(C8,'SAP on Google Cloud'!$1:$1048576,10,FALSE) -> 0 | AC8: =VLOOKUP(C8,'Google Cloud VMware Engine'!$1:$1048576,10,FALSE) -> 0 | AD8: =VLOOKUP(C8,'Google Distributed Cloud'!$1:$1048576,10,FALSE) -> 0 | AE8: =VLOOKUP(C8,'Cloud Security'!$1:$1048576,10,FALSE) -> 0 | AF8: =VLOOKUP(C8,'Security Command Center'!$1:$1048576,10,FALSE) -> 0 | AG8: =VLOOKUP(C8,'Security Operations'!$1:$1048576,10,FALSE) -> 0 | AH8: =VLOOKUP(C8,'Google Threat Intelligence'!$1:$1048576,10,FALSE) -> 0 | AI8: =VLOOKUP(C8,'Vertex AI Platform'!$1:$1048576,10,FALSE) -> 49 | AJ8: =VLOOKUP(C8,'AI Applications'!$1:$1048576,10,FALSE) -> 19 | AK8: =VLOOKUP(C8,'Gemini Enterprise'!$1:$1048576,10,FALSE) -> 19 | AL8: =VLOOKUP(C8,'Customer Engagement Suite'!$1:$1048576,10,FALSE) -> 19 | AM8: =SUM(N8:AL8) -> 217
A9: INC-17749 | B9: INC | C9: Apeksha Sharma | D9: Consultant | E9: L4 | F9: Raman Bangalore Venkatakr | G9: CIDA-05 | H9: CIDA-05-4 | I9: Ops | J9: Data Engineer | K9: BI | L9: Walter Paredes | N9: =VLOOKUP(C9,BigQuery!$1:$1048576,10,FALSE) -> 0 | O9: =VLOOKUP(C9,Looker!$1:$1048576,10,FALSE) -> 0 | P9: =VLOOKUP(C9,Dataflow!$1:$1048576,10,FALSE) -> 0 | Q9: =VLOOKUP(C9,Dataproc!$1:$1048576,10,FALSE) -> 0 | R9: =VLOOKUP(C9,'Google Kubernetes Engine'!$1:$1048576,10,FALSE) -> 0 | S9: =VLOOKUP(C9,'Apigee API Management'!$1:$1048576,10,FALSE) -> 0 | T9: =VLOOKUP(C9,'Cloud Run'!$1:$1048576,10,FALSE) -> 0 | U9: =VLOOKUP(C9,Workspace!$1:$1048576,10,FALSE) -> 0 | V9: =VLOOKUP(C9,'Cloud SQL'!$1:$1048576,10,FALSE) -> 0 | W9: =VLOOKUP(C9,'AlloyDB for PostgreSQL'!$1:$1048576,10,FALSE) -> 0 | X9: =VLOOKUP(C9,Spanner!$1:$1048576,10,FALSE) -> 0 | Y9: =VLOOKUP(C9,Oracle!$1:$1048576,10,FALSE) -> 0 | Z9: =VLOOKUP(C9,'Google Compute Engine'!$1:$1048576,10,FALSE) -> 0 | AA9: =VLOOKUP(C9,'Google Cloud Networking'!$1:$1048576,10,FALSE) -> 0 | AB9: =VLOOKUP(C9,'SAP on Google Cloud'!$1:$1048576,10,FALSE) -> 0 | AC9: =VLOOKUP(C9,'Google Cloud VMware Engine'!$1:$1048576,10,FALSE) -> 0 | AD9: =VLOOKUP(C9,'Google Distributed Cloud'!$1:$1048576,10,FALSE) -> 0 | AE9: =VLOOKUP(C9,'Cloud Security'!$1:$1048576,10,FALSE) -> 0 | AF9: =VLOOKUP(C9,'Security Command Center'!$1:$1048576,10,FALSE) -> 0 | AG9: =VLOOKUP(C9,'Security Operations'!$1:$1048576,10,FALSE) -> 0 | AH9: =VLOOKUP(C9,'Google Threat Intelligence'!$1:$1048576,10,FALSE) -> 0 | AI9: =VLOOKUP(C9,'Vertex AI Platform'!$1:$1048576,10,FALSE) -> 0 | AJ9: =VLOOKUP(C9,'AI Applications'!$1:$1048576,10,FALSE) -> 0 | AK9: =VLOOKUP(C9,'Gemini Enterprise'!$1:$1048576,10,FALSE) -> 0 | AL9: =VLOOKUP(C9,'Customer Engagement Suite'!$1:$1048576,10,FALSE) -> 0 | AM9: =SUM(N9:AL9) -> 0
A10: INC-13370 | B10: INC | C10: Arnav Sharma | D10: Principal Consultant | E10: L6 | F10: Rajat Singh | G10: CIDA-01 | H10: CIDA-01-2 | I10: Ops | J10: Data Scientist | K10: DS | L10: Arnav Sharma | N10: =VLOOKUP(C10,BigQuery!$1:$1048576,10,FALSE) -> 0 | O10: =VLOOKUP(C10,Looker!$1:$1048576,10,FALSE) -> 0 | P10: =VLOOKUP(C10,Dataflow!$1:$1048576,10,FALSE) -> 0 | Q10: =VLOOKUP(C10,Dataproc!$1:$1048576,10,FALSE) -> 0 | R10: =VLOOKUP(C10,'Google Kubernetes Engine'!$1:$1048576,10,FALSE) -> 0 | S10: =VLOOKUP(C10,'Apigee API Management'!$1:$1048576,10,FALSE) -> 0 | T10: =VLOOKUP(C10,'Cloud Run'!$1:$1048576,10,FALSE) -> 0 | U10: =VLOOKUP(C10,Workspace!$1:$1048576,10,FALSE) -> 0 | V10: =VLOOKUP(C10,'Cloud SQL'!$1:$1048576,10,FALSE) -> 0 | W10: =VLOOKUP(C10,'AlloyDB for PostgreSQL'!$1:$1048576,10,FALSE) -> 0 | X10: =VLOOKUP(C10,Spanner!$1:$1048576,10,FALSE) -> 0 | Y10: =VLOOKUP(C10,Oracle!$1:$1048576,10,FALSE) -> 0 | Z10: =VLOOKUP(C10,'Google Compute Engine'!$1:$1048576,10,FALSE) -> 0 | AA10: =VLOOKUP(C10,'Google Cloud Networking'!$1:$1048576,10,FALSE) -> 0 | AB10: =VLOOKUP(C10,'SAP on Google Cloud'!$1:$1048576,10,FALSE) -> 0 | AC10: =VLOOKUP(C10,'Google Cloud VMware Engine'!$1:$1048576,10,FALSE) -> 0 | AD10: =VLOOKUP(C10,'Google Distributed Cloud'!$1:$1048576,10,FALSE) -> 0 | AE10: =VLOOKUP(C10,'Cloud Security'!$1:$1048576,10,FALSE) -> 0 | AF10: =VLOOKUP(C10,'Security Command Center'!$1:$1048576,10,FALSE) -> 0 | AG10: =VLOOKUP(C10,'Security Operations'!$1:$1048576,10,FALSE) -> 0 | AH10: =VLOOKUP(C10,'Google Threat Intelligence'!$1:$1048576,10,FALSE) -> 0 | AI10: =VLOOKUP(C10,'Vertex AI Platform'!$1:$1048576,10,FALSE) -> 10 | AJ10: =VLOOKUP(C10,'AI Applications'!$1:$1048576,10,FALSE) -> 0 | AK10: =VLOOKUP(C10,'Gemini Enterprise'!$1:$1048576,10,FALSE) -> 0 | AL10: =VLOOKUP(C10,'Customer Engagement Suite'!$1:$1048576,10,FALSE) -> 0 | AM10: =SUM(N10:AL10) -> 10
A11: CHI-19693 | B11: CHI | C11: Arturo Pantoja | D11: Analyst | E11: L2 | F11: Brian Mackenzie | G11: CIDA-01 | H11: CIDA-01-1 | I11: Ops | J11: Data Engineer | K11: DE | L11: Venkatesh Coimbatore Kannan | N11: =VLOOKUP(C11,BigQuery!$1:$1048576,10,FALSE) -> 0 | O11: =VLOOKUP(C11,Looker!$1:$1048576,10,FALSE) -> 0 | P11: =VLOOKUP(C11,Dataflow!$1:$1048576,10,FALSE) -> 0 | Q11: =VLOOKUP(C11,Dataproc!$1:$1048576,10,FALSE) -> 0 | R11: =VLOOKUP(C11,'Google Kubernetes Engine'!$1:$1048576,10,FALSE) -> 0 | S11: =VLOOKUP(C11,'Apigee API Management'!$1:$1048576,10,FALSE) -> 0 | T11: =VLOOKUP(C11,'Cloud Run'!$1:$1048576,10,FALSE) -> 0 | U11: =VLOOKUP(C11,Workspace!$1:$1048576,10,FALSE) -> 0 | V11: =VLOOKUP(C11,'Cloud SQL'!$1:$1048576,10,FALSE) -> 0 | W11: =VLOOKUP(C11,'AlloyDB for PostgreSQL'!$1:$1048576,10,FALSE) -> 0 | X11: =VLOOKUP(C11,Spanner!$1:$1048576,10,FALSE) -> 0 | Y11: =VLOOKUP(C11,Oracle!$1:$1048576,10,FALSE) -> 0 | Z11: =VLOOKUP(C11,'Google Compute Engine'!$1:$1048576,10,FALSE) -> 0 | AA11: =VLOOKUP(C11,'Google Cloud Networking'!$1:$1048576,10,FALSE) -> 0 | AB11: =VLOOKUP(C11,'SAP on Google Cloud'!$1:$1048576,10,FALSE) -> 0 | AC11: =VLOOKUP(C11,'Google Cloud VMware Engine'!$1:$1048576,10,FALSE) -> 0 | AD11: =VLOOKUP(C11,'Google Distributed Cloud'!$1:$1048576,10,FALSE) -> 0 | AE11: =VLOOKUP(C11,'Cloud Security'!$1:$1048576,10,FALSE) -> 0 | AF11: =VLOOKUP(C11,'Security Command Center'!$1:$1048576,10,FALSE) -> 0 | AG11: =VLOOKUP(C11,'Security Operations'!$1:$1048576,10,FALSE) -> 0 | AH11: =VLOOKUP(C11,'Google Threat Intelligence'!$1:$1048576,10,FALSE) -> 0 | AI11: =VLOOKUP(C11,'Vertex AI Platform'!$1:$1048576,10,FALSE) -> 0 | AJ11: =VLOOKUP(C11,'AI Applications'!$1:$1048576,10,FALSE) -> 0 | AK11: =VLOOKUP(C11,'Gemini Enterprise'!$1:$1048576,10,FALSE) -> 0 | AL11: =VLOOKUP(C11,'Customer Engagement Suite'!$1:$1048576,10,FALSE) -> #N/A | AM11: =SUM(N11:AL11) -> #N/A
A12: CHI-15605 | B12: CHI | C12: Benja Appel | D12: Senior Engineer | E12: L3 | F12: Orlando Patino | G12: CIDA-01 | H12: CIDA-01-6 | I12: Ops | J12: Full Stack Developer | K12: SD | L12: Walter Paredes | M12: Professional Cloud DevOps Engineer | N12: =VLOOKUP(C12,BigQuery!$1:$1048576,10,FALSE) -> 0 | O12: =VLOOKUP(C12,Looker!$1:$1048576,10,FALSE) -> 0 | P12: =VLOOKUP(C12,Dataflow!$1:$1048576,10,FALSE) -> 0 | Q12: =VLOOKUP(C12,Dataproc!$1:$1048576,10,FALSE) -> 0 | R12: =VLOOKUP(C12,'Google Kubernetes Engine'!$1:$1048576,10,FALSE) -> 0 | S12: =VLOOKUP(C12,'Apigee API Management'!$1:$1048576,10,FALSE) -> 0 | T12: =VLOOKUP(C12,'Cloud Run'!$1:$1048576,10,FALSE) -> 9 | U12: =VLOOKUP(C12,Workspace!$1:$1048576,10,FALSE) -> 0 | V12: =VLOOKUP(C12,'Cloud SQL'!$1:$1048576,10,FALSE) -> 9 | W12: =VLOOKUP(C12,'AlloyDB for PostgreSQL'!$1:$1048576,10,FALSE) -> 0 | X12: =VLOOKUP(C12,Spanner!$1:$1048576,10,FALSE) -> 0 | Y12: =VLOOKUP(C12,Oracle!$1:$1048576,10,FALSE) -> 0 | Z12: =VLOOKUP(C12,'Google Compute Engine'!$1:$1048576,10,FALSE) -> 0 | AA12: =VLOOKUP(C12,'Google Cloud Networking'!$1:$1048576,10,FALSE) -> 0 | AB12: =VLOOKUP(C12,'SAP on Google Cloud'!$1:$1048576,10,FALSE) -> 0 | AC12: =VLOOKUP(C12,'Google Cloud VMware Engine'!$1:$1048576,10,FALSE) -> 0 | AD12: =VLOOKUP(C12,'Google Distributed Cloud'!$1:$1048576,10,FALSE) -> 0 | AE12: =VLOOKUP(C12,'Cloud Security'!$1:$1048576,10,FALSE) -> 0 | AF12: =VLOOKUP(C12,'Security Command Center'!$1:$1048576,10,FALSE) -> 0 | AG12: =VLOOKUP(C12,'Security Operations'!$1:$1048576,10,FALSE) -> 0 | AH12: =VLOOKUP(C12,'Google Threat Intelligence'!$1:$1048576,10,FALSE) -> 0 | AI12: =VLOOKUP(C12,'Vertex AI Platform'!$1:$1048576,10,FALSE) -> 0 | AJ12: =VLOOKUP(C12,'AI Applications'!$1:$1048576,10,FALSE) -> 0 | AK12: =VLOOKUP(C12,'Gemini Enterprise'!$1:$1048576,10,FALSE) -> 0 | AL12: =VLOOKUP(C12,'Customer Engagement Suite'!$1:$1048576,10,FALSE) -> 0 | AM12: =SUM(N12:AL12) -> 18
A13: COL-21960 | B13: COL | C13: Brayan Triana | D13: Senior Analyst | E13: L3 | F13: Marcelo Pimentel | G13: CIDA-01 | H13: CIDA-01-1 | I13: Ops | J13: Data Engineer | K13: DE | L13: Venkatesh Coimbatore Kannan | N13: =VLOOKUP(C13,BigQuery!$1:$1048576,10,FALSE) -> 18 | O13: =VLOOKUP(C13,Looker!$1:$1048576,10,FALSE) -> 0 | P13: =VLOOKUP(C13,Dataflow!$1:$1048576,10,FALSE) -> 18 | Q13: =VLOOKUP(C13,Dataproc!$1:$1048576,10,FALSE) -> 8 | R13: =VLOOKUP(C13,'Google Kubernetes Engine'!$1:$1048576,10,FALSE) -> 0 | S13: =VLOOKUP(C13,'Apigee API Management'!$1:$1048576,10,FALSE) -> 0 | T13: =VLOOKUP(C13,'Cloud Run'!$1:$1048576,10,FALSE) -> 0 | U13: =VLOOKUP(C13,Workspace!$1:$1048576,10,FALSE) -> 0 | V13: =VLOOKUP(C13,'Cloud SQL'!$1:$1048576,10,FALSE) -> 0 | W13: =VLOOKUP(C13,'AlloyDB for PostgreSQL'!$1:$1048576,10,FALSE) -> 0 | X13: =VLOOKUP(C13,Spanner!$1:$1048576,10,FALSE) -> 0 | Y13: =VLOOKUP(C13,Oracle!$1:$1048576,10,FALSE) -> 0 | Z13: =VLOOKUP(C13,'Google Compute Engine'!$1:$1048576,10,FALSE) -> 0 | AA13: =VLOOKUP(C13,'Google Cloud Networking'!$1:$1048576,10,FALSE) -> 0 | AB13: =VLOOKUP(C13,'SAP on Google Cloud'!$1:$1048576,10,FALSE) -> 0 | AC13: =VLOOKUP(C13,'Google Cloud VMware Engine'!$1:$1048576,10,FALSE) -> 0 | AD13: =VLOOKUP(C13,'Google Distributed Cloud'!$1:$1048576,10,FALSE) -> 0 | AE13: =VLOOKUP(C13,'Cloud Security'!$1:$1048576,10,FALSE) -> 0 | AF13: =VLOOKUP(C13,'Security Command Center'!$1:$1048576,10,FALSE) -> 0 | AG13: =VLOOKUP(C13,'Security Operations'!$1:$1048576,10,FALSE) -> 0 | AH13: =VLOOKUP(C13,'Google Threat Intelligence'!$1:$1048576,10,FALSE) -> 0 | AI13: =VLOOKUP(C13,'Vertex AI Platform'!$1:$1048576,10,FALSE) -> 0 | AJ13: =VLOOKUP(C13,'AI Applications'!$1:$1048576,10,FALSE) -> 0 | AK13: =VLOOKUP(C13,'Gemini Enterprise'!$1:$1048576,10,FALSE) -> 0 | AL13: =VLOOKUP(C13,'Customer Engagement Suite'!$1:$1048576,10,FALSE) -> 0 | AM13: =SUM(N13:AL13) -> 44
A14: CHI-18242 | B14: CHI | C14: Brian Mackenzie | D14: Senior Consultant | E14: L5 | F14: Diego Cordova | G14: CIDA-01 | H14: CIDA-01-1 | I14: Ops | J14: BI Developer | K14: DE | L14: Venkatesh Coimbatore Kannan | N14: =VLOOKUP(C14,BigQuery!$1:$1048576,10,FALSE) -> 0 | O14: =VLOOKUP(C14,Looker!$1:$1048576,10,FALSE) -> 0 | P14: =VLOOKUP(C14,Dataflow!$1:$1048576,10,FALSE) -> 0 | Q14: =VLOOKUP(C14,Dataproc!$1:$1048576,10,FALSE) -> 0 | R14: =VLOOKUP(C14,'Google Kubernetes Engine'!$1:$1048576,10,FALSE) -> 0 | S14: =VLOOKUP(C14,'Apigee API Management'!$1:$1048576,10,FALSE) -> 0 | T14: =VLOOKUP(C14,'Cloud Run'!$1:$1048576,10,FALSE) -> 0 | U14: =VLOOKUP(C14,Workspace!$1:$1048576,10,FALSE) -> 0 | V14: =VLOOKUP(C14,'Cloud SQL'!$1:$1048576,10,FALSE) -> 0 | W14: =VLOOKUP(C14,'AlloyDB for PostgreSQL'!$1:$1048576,10,FALSE) -> 0 | X14: =VLOOKUP(C14,Spanner!$1:$1048576,10,FALSE) -> 0 | Y14: =VLOOKUP(C14,Oracle!$1:$1048576,10,FALSE) -> 0 | Z14: =VLOOKUP(C14,'Google Compute Engine'!$1:$1048576,10,FALSE) -> 0 | AA14: =VLOOKUP(C14,'Google Cloud Networking'!$1:$1048576,10,FALSE) -> 0 | AB14: =VLOOKUP(C14,'SAP on Google Cloud'!$1:$1048576,10,FALSE) -> 0 | AC14: =VLOOKUP(C14,'Google Cloud VMware Engine'!$1:$1048576,10,FALSE) -> 0 | AD14: =VLOOKUP(C14,'Google Distributed Cloud'!$1:$1048576,10,FALSE) -> 0 | AE14: =VLOOKUP(C14,'Cloud Security'!$1:$1048576,10,FALSE) -> 0 | AF14: =VLOOKUP(C14,'Security Command Center'!$1:$1048576,10,FALSE) -> 0 | AG14: =VLOOKUP(C14,'Security Operations'!$1:$1048576,10,FALSE) -> 0 | AH14: =VLOOKUP(C14,'Google Threat Intelligence'!$1:$1048576,10,FALSE) -> 0 | AI14: =VLOOKUP(C14,'Vertex AI Platform'!$1:$1048576,10,FALSE) -> 0 | AJ14: =VLOOKUP(C14,'AI Applications'!$1:$1048576,10,FALSE) -> 0 | AK14: =VLOOKUP(C14,'Gemini Enterprise'!$1:$1048576,10,FALSE) -> 0 | AL14: =VLOOKUP(C14,'Customer Engagement Suite'!$1:$1048576,10,FALSE) -> 0 | AM14: =SUM(N14:AL14) -> 0
A15: CHI-16338 | B15: CHI | C15: Bruno Rodríguez | D15: Senior Engineer | E15: L3 | F15: Maria Ramirez | G15: CIDA-01 | H15: CIDA-01-6 | I15: Ops | J15: Full Stack Developer | K15: SD | L15: Walter Paredes | M15: Professional Cloud Developer | N15: =VLOOKUP(C15,BigQuery!$1:$1048576,10,FALSE) -> 0 | O15: =VLOOKUP(C15,Looker!$1:$1048576,10,FALSE) -> 0 | P15: =VLOOKUP(C15,Dataflow!$1:$1048576,10,FALSE) -> 0 | Q15: =VLOOKUP(C15,Dataproc!$1:$1048576,10,FALSE) -> 0 | R15: =VLOOKUP(C15,'Google Kubernetes Engine'!$1:$1048576,10,FALSE) -> 5 | S15: =VLOOKUP(C15,'Apigee API Management'!$1:$1048576,10,FALSE) -> 0 | T15: =VLOOKUP(C15,'Cloud Run'!$1:$1048576,10,FALSE) -> 5 | U15: =VLOOKUP(C15,Workspace!$1:$1048576,10,FALSE) -> 0 | V15: =VLOOKUP(C15,'Cloud SQL'!$1:$1048576,10,FALSE) -> 0 | W15: =VLOOKUP(C15,'AlloyDB for PostgreSQL'!$1:$1048576,10,FALSE) -> 0 | X15: =VLOOKUP(C15,Spanner!$1:$1048576,10,FALSE) -> 0 | Y15: =VLOOKUP(C15,Oracle!$1:$1048576,10,FALSE) -> 0 | Z15: =VLOOKUP(C15,'Google Compute Engine'!$1:$1048576,10,FALSE) -> 0 | AA15: =VLOOKUP(C15,'Google Cloud Networking'!$1:$1048576,10,FALSE) -> 0 | AB15: =VLOOKUP(C15,'SAP on Google Cloud'!$1:$1048576,10,FALSE) -> 0 | AC15: =VLOOKUP(C15,'Google Cloud VMware Engine'!$1:$1048576,10,FALSE) -> 0 | AD15: =VLOOKUP(C15,'Google Distributed Cloud'!$1:$1048576,10,FALSE) -> 0 | AE15: =VLOOKUP(C15,'Cloud Security'!$1:$1048576,10,FALSE) -> 0 | AF15: =VLOOKUP(C15,'Security Command Center'!$1:$1048576,10,FALSE) -> 0 | AG15: =VLOOKUP(C15,'Security Operations'!$1:$1048576,10,FALSE) -> 0 | AH15: =VLOOKUP(C15,'Google Threat Intelligence'!$1:$1048576,10,FALSE) -> 0 | AI15: =VLOOKUP(C15,'Vertex AI Platform'!$1:$1048576,10,FALSE) -> 0 | AJ15: =VLOOKUP(C15,'AI Applications'!$1:$1048576,10,FALSE) -> 0 | AK15: =VLOOKUP(C15,'Gemini Enterprise'!$1:$1048576,10,FALSE) -> 0 | AL15: =VLOOKUP(C15,'Customer Engagement Suite'!$1:$1048576,10,FALSE) -> 0 | AM15: =SUM(N15:AL15) -> 10
A16: CAN-21345 | B16: CAN | C16: Camila Da Silveira | D16: Consultant | E16: L4 | F16: Venkatesh Kannan | G16: CIDA-05 | H16: CIDA-05-1 | I16: Ops | J16: Data Engineer | K16: DE | L16: Venkatesh Coimbatore Kannan | N16: =VLOOKUP(C16,BigQuery!$1:$1048576,10,FALSE) -> 0 | O16: =VLOOKUP(C16,Looker!$1:$1048576,10,FALSE) -> 14 | P16: =VLOOKUP(C16,Dataflow!$1:$1048576,10,FALSE) -> 0 | Q16: =VLOOKUP(C16,Dataproc!$1:$1048576,10,FALSE) -> 0 | R16: =VLOOKUP(C16,'Google Kubernetes Engine'!$1:$1048576,10,FALSE) -> 0 | S16: =VLOOKUP(C16,'Apigee API Management'!$1:$1048576,10,FALSE) -> 0 | T16: =VLOOKUP(C16,'Cloud Run'!$1:$1048576,10,FALSE) -> 0 | U16: =VLOOKUP(C16,Workspace!$1:$1048576,10,FALSE) -> 0 | V16: =VLOOKUP(C16,'Cloud SQL'!$1:$1048576,10,FALSE) -> 0 | W16: =VLOOKUP(C16,'AlloyDB for PostgreSQL'!$1:$1048576,10,FALSE) -> 0 | X16: =VLOOKUP(C16,Spanner!$1:$1048576,10,FALSE) -> 0 | Y16: =VLOOKUP(C16,Oracle!$1:$1048576,10,FALSE) -> 0 | Z16: =VLOOKUP(C16,'Google Compute Engine'!$1:$1048576,10,FALSE) -> 14 | AA16: =VLOOKUP(C16,'Google Cloud Networking'!$1:$1048576,10,FALSE) -> 0 | AB16: =VLOOKUP(C16,'SAP on Google Cloud'!$1:$1048576,10,FALSE) -> 14 | AC16: =VLOOKUP(C16,'Google Cloud VMware Engine'!$1:$1048576,10,FALSE) -> 14 | AD16: =VLOOKUP(C16,'Google Distributed Cloud'!$1:$1048576,10,FALSE) -> 14 | AE16: =VLOOKUP(C16,'Cloud Security'!$1:$1048576,10,FALSE) -> 0 | AF16: =VLOOKUP(C16,'Security Command Center'!$1:$1048576,10,FALSE) -> 0 | AG16: =VLOOKUP(C16,'Security Operations'!$1:$1048576,10,FALSE) -> 0 | AH16: =VLOOKUP(C16,'Google Threat Intelligence'!$1:$1048576,10,FALSE) -> 0 | AI16: =VLOOKUP(C16,'Vertex AI Platform'!$1:$1048576,10,FALSE) -> 0 | AJ16: =VLOOKUP(C16,'AI Applications'!$1:$1048576,10,FALSE) -> 0 | AK16: =VLOOKUP(C16,'Gemini Enterprise'!$1:$1048576,10,FALSE) -> 0 | AL16: =VLOOKUP(C16,'Customer Engagement Suite'!$1:$1048576,10,FALSE) -> 0 | AM16: =SUM(N16:AL16) -> 70
A17: CHI-17853 | B17: CHI | C17: Carlos Fuensalida | D17: Senior Consultant | E17: L5 | F17: Kelly Sparks | G17: CIDA-01 | H17: CIDA-01-6 | I17: Ops | J17: DevOps Engineer | K17: SD | L17: Walter Paredes | M17: Professional Cloud DevOps Engineer | N17: =VLOOKUP(C17,BigQuery!$1:$1048576,10,FALSE) -> 0 | O17: =VLOOKUP(C17,Looker!$1:$1048576,10,FALSE) -> 0 | P17: =VLOOKUP(C17,Dataflow!$1:$1048576,10,FALSE) -> 0 | Q17: =VLOOKUP(C17,Dataproc!$1:$1048576,10,FALSE) -> 0 | R17: =VLOOKUP(C17,'Google Kubernetes Engine'!$1:$1048576,10,FALSE) -> 0 | S17: =VLOOKUP(C17,'Apigee API Management'!$1:$1048576,10,FALSE) -> 0 | T17: =VLOOKUP(C17,'Cloud Run'!$1:$1048576,10,FALSE) -> 0 | U17: =VLOOKUP(C17,Workspace!$1:$1048576,10,FALSE) -> 0 | V17: =VLOOKUP(C17,'Cloud SQL'!$1:$1048576,10,FALSE) -> 0 | W17: =VLOOKUP(C17,'AlloyDB for PostgreSQL'!$1:$1048576,10,FALSE) -> 0 | X17: =VLOOKUP(C17,Spanner!$1:$1048576,10,FALSE) -> 0 | Y17: =VLOOKUP(C17,Oracle!$1:$1048576,10,FALSE) -> 0 | Z17: =VLOOKUP(C17,'Google Compute Engine'!$1:$1048576,10,FALSE) -> 0 | AA17: =VLOOKUP(C17,'Google Cloud Networking'!$1:$1048576,10,FALSE) -> 0 | AB17: =VLOOKUP(C17,'SAP on Google Cloud'!$1:$1048576,10,FALSE) -> 0 | AC17: =VLOOKUP(C17,'Google Cloud VMware Engine'!$1:$1048576,10,FALSE) -> 0 | AD17: =VLOOKUP(C17,'Google Distributed Cloud'!$1:$1048576,10,FALSE) -> 0 | AE17: =VLOOKUP(C17,'Cloud Security'!$1:$1048576,10,FALSE) -> 0 | AF17: =VLOOKUP(C17,'Security Command Center'!$1:$1048576,10,FALSE) -> 0 | AG17: =VLOOKUP(C17,'Security Operations'!$1:$1048576,10,FALSE) -> 0 | AH17: =VLOOKUP(C17,'Google Threat Intelligence'!$1:$1048576,10,FALSE) -> 0 | AI17: =VLOOKUP(C17,'Vertex AI Platform'!$1:$1048576,10,FALSE) -> 0 | AJ17: =VLOOKUP(C17,'AI Applications'!$1:$1048576,10,FALSE) -> 0 | AK17: =VLOOKUP(C17,'Gemini Enterprise'!$1:$1048576,10,FALSE) -> 0 | AL17: =VLOOKUP(C17,'Customer Engagement Suite'!$1:$1048576,10,FALSE) -> 0 | AM17: =SUM(N17:AL17) -> 0
A18: COL-21963 | B18: COL | C18: Carlos Llinas | D18: Senior Consultant | E18: L5 | F18: Jorge Ponce | G18: CIDA-01 | H18: CIDA-01-6 | I18: Ops | J18: Project Manager | K18: SD | L18: Walter Paredes | N18: =VLOOKUP(C18,BigQuery!$1:$1048576,10,FALSE) -> 0 | O18: =VLOOKUP(C18,Looker!$1:$1048576,10,FALSE) -> 0 | P18: =VLOOKUP(C18,Dataflow!$1:$1048576,10,FALSE) -> 0 | Q18: =VLOOKUP(C18,Dataproc!$1:$1048576,10,FALSE) -> 0 | R18: =VLOOKUP(C18,'Google Kubernetes Engine'!$1:$1048576,10,FALSE) -> 0 | S18: =VLOOKUP(C18,'Apigee API Management'!$1:$1048576,10,FALSE) -> 0 | T18: =VLOOKUP(C18,'Cloud Run'!$1:$1048576,10,FALSE) -> 0 | U18: =VLOOKUP(C18,Workspace!$1:$1048576,10,FALSE) -> 0 | V18: =VLOOKUP(C18,'Cloud SQL'!$1:$1048576,10,FALSE) -> 0 | W18: =VLOOKUP(C18,'AlloyDB for PostgreSQL'!$1:$1048576,10,FALSE) -> 0 | X18: =VLOOKUP(C18,Spanner!$1:$1048576,10,FALSE) -> 0 | Y18: =VLOOKUP(C18,Oracle!$1:$1048576,10,FALSE) -> 0 | Z18: =VLOOKUP(C18,'Google Compute Engine'!$1:$1048576,10,FALSE) -> 0 | AA18: =VLOOKUP(C18,'Google Cloud Networking'!$1:$1048576,10,FALSE) -> 0 | AB18: =VLOOKUP(C18,'SAP on Google Cloud'!$1:$1048576,10,FALSE) -> 0 | AC18: =VLOOKUP(C18,'Google Cloud VMware Engine'!$1:$1048576,10,FALSE) -> 0 | AD18: =VLOOKUP(C18,'Google Distributed Cloud'!$1:$1048576,10,FALSE) -> 0 | AE18: =VLOOKUP(C18,'Cloud Security'!$1:$1048576,10,FALSE) -> 0 | AF18: =VLOOKUP(C18,'Security Command Center'!$1:$1048576,10,FALSE) -> 0 | AG18: =VLOOKUP(C18,'Security Operations'!$1:$1048576,10,FALSE) -> 0 | AH18: =VLOOKUP(C18,'Google Threat Intelligence'!$1:$1048576,10,FALSE) -> 0 | AI18: =VLOOKUP(C18,'Vertex AI Platform'!$1:$1048576,10,FALSE) -> 0 | AJ18: =VLOOKUP(C18,'AI Applications'!$1:$1048576,10,FALSE) -> 0 | AK18: =VLOOKUP(C18,'Gemini Enterprise'!$1:$1048576,10,FALSE) -> 0 | AL18: =VLOOKUP(C18,'Customer Engagement Suite'!$1:$1048576,10,FALSE) -> 0 | AM18: =SUM(N18:AL18) -> 0
A19: CHI-14952 | B19: CHI | C19: Carolina Aspee | D19: Senior Analyst | E19: L3 | F19: Brian Mackenzie | G19: CIDA-01 | H19: CIDA-01-4 | I19: Ops | J19: BI Developer | K19: DE | L19: Venkatesh Coimbatore Kannan | N19: =VLOOKUP(C19,BigQuery!$1:$1048576,10,FALSE) -> #N/A | O19: =VLOOKUP(C19,Looker!$1:$1048576,10,FALSE) -> #N/A | P19: =VLOOKUP(C19,Dataflow!$1:$1048576,10,FALSE) -> #N/A | Q19: =VLOOKUP(C19,Dataproc!$1:$1048576,10,FALSE) -> #N/A | R19: =VLOOKUP(C19,'Google Kubernetes Engine'!$1:$1048576,10,FALSE) -> #N/A | S19: =VLOOKUP(C19,'Apigee API Management'!$1:$1048576,10,FALSE) -> #N/A | T19: =VLOOKUP(C19,'Cloud Run'!$1:$1048576,10,FALSE) -> #N/A | U19: =VLOOKUP(C19,Workspace!$1:$1048576,10,FALSE) -> #N/A | V19: =VLOOKUP(C19,'Cloud SQL'!$1:$1048576,10,FALSE) -> #N/A | W19: =VLOOKUP(C19,'AlloyDB for PostgreSQL'!$1:$1048576,10,FALSE) -> #N/A | X19: =VLOOKUP(C19,Spanner!$1:$1048576,10,FALSE) -> #N/A | Y19: =VLOOKUP(C19,Oracle!$1:$1048576,10,FALSE) -> #N/A | Z19: =VLOOKUP(C19,'Google Compute Engine'!$1:$1048576,10,FALSE) -> #N/A | AA19: =VLOOKUP(C19,'Google Cloud Networking'!$1:$1048576,10,FALSE) -> #N/A | AB19: =VLOOKUP(C19,'SAP on Google Cloud'!$1:$1048576,10,FALSE) -> #N/A | AC19: =VLOOKUP(C19,'Google Cloud VMware Engine'!$1:$1048576,10,FALSE) -> #N/A | AD19: =VLOOKUP(C19,'Google Distributed Cloud'!$1:$1048576,10,FALSE) -> #N/A | AE19: =VLOOKUP(C19,'Cloud Security'!$1:$1048576,10,FALSE) -> #N/A | AF19: =VLOOKUP(C19,'Security Command Center'!$1:$1048576,10,FALSE) -> #N/A | AG19: =VLOOKUP(C19,'Security Operations'!$1:$1048576,10,FALSE) -> #N/A | AH19: =VLOOKUP(C19,'Google Threat Intelligence'!$1:$1048576,10,FALSE) -> #N/A | AI19: =VLOOKUP(C19,'Vertex AI Platform'!$1:$1048576,10,FALSE) -> #N/A | AJ19: =VLOOKUP(C19,'AI Applications'!$1:$1048576,10,FALSE) -> #N/A | AK19: =VLOOKUP(C19,'Gemini Enterprise'!$1:$1048576,10,FALSE) -> #N/A | AL19: =VLOOKUP(C19,'Customer Engagement Suite'!$1:$1048576,10,FALSE) -> #N/A | AM19: =SUM(N19:AL19) -> #N/A
A20: CHI-17264 | B20: CHI | C20: Celia Riquelme | D20: Senior Analyst | E20: L3 | F20: Julio Verdugo | G20: CIDA-01 | H20: CIDA-01-4 | I20: Ops | J20: BI Developer | K20: BI | L20: Walter Paredes | N20: =VLOOKUP(C20,BigQuery!$1:$1048576,10,FALSE) -> #N/A | O20: =VLOOKUP(C20,Looker!$1:$1048576,10,FALSE) -> #N/A | P20: =VLOOKUP(C20,Dataflow!$1:$1048576,10,FALSE) -> #N/A | Q20: =VLOOKUP(C20,Dataproc!$1:$1048576,10,FALSE) -> #N/A | R20: =VLOOKUP(C20,'Google Kubernetes Engine'!$1:$1048576,10,FALSE) -> #N/A | S20: =VLOOKUP(C20,'Apigee API Management'!$1:$1048576,10,FALSE) -> #N/A | T20: =VLOOKUP(C20,'Cloud Run'!$1:$1048576,10,FALSE) -> #N/A | U20: =VLOOKUP(C20,Workspace!$1:$1048576,10,FALSE) -> #N/A | V20: =VLOOKUP(C20,'Cloud SQL'!$1:$1048576,10,FALSE) -> #N/A | W20: =VLOOKUP(C20,'AlloyDB for PostgreSQL'!$1:$1048576,10,FALSE) -> #N/A | X20: =VLOOKUP(C20,Spanner!$1:$1048576,10,FALSE) -> #N/A | Y20: =VLOOKUP(C20,Oracle!$1:$1048576,10,FALSE) -> #N/A | Z20: =VLOOKUP(C20,'Google Compute Engine'!$1:$1048576,10,FALSE) -> #N/A | AA20: =VLOOKUP(C20,'Google Cloud Networking'!$1:$1048576,10,FALSE) -> #N/A | AB20: =VLOOKUP(C20,'SAP on Google Cloud'!$1:$1048576,10,FALSE) -> #N/A | AC20: =VLOOKUP(C20,'Google Cloud VMware Engine'!$1:$1048576,10,FALSE) -> #N/A | AD20: =VLOOKUP(C20,'Google Distributed Cloud'!$1:$1048576,10,FALSE) -> #N/A | AE20: =VLOOKUP(C20,'Cloud Security'!$1:$1048576,10,FALSE) -> #N/A | AF20: =VLOOKUP(C20,'Security Command Center'!$1:$1048576,10,FALSE) -> #N/A | AG20: =VLOOKUP(C20,'Security Operations'!$1:$1048576,10,FALSE) -> #N/A | AH20: =VLOOKUP(C20,'Google Threat Intelligence'!$1:$1048576,10,FALSE) -> #N/A | AI20: =VLOOKUP(C20,'Vertex AI Platform'!$1:$1048576,10,FALSE) -> #N/A | AJ20: =VLOOKUP(C20,'AI Applications'!$1:$1048576,10,FALSE) -> #N/A | AK20: =VLOOKUP(C20,'Gemini Enterprise'!$1:$1048576,10,FALSE) -> #N/A | AL20: =VLOOKUP(C20,'Customer Engagement Suite'!$1:$1048576,10,FALSE) -> #N/A | AM20: =SUM(N20:AL20) -> #N/A
A21: INC-23760 | B21: INC | C21: Christiane Marie Liliane Fortin | D21: Consultant | E21: L4 | F21: Kelly Sparks | G21: CIDA-05 | H21: CIDA-05-6 | I21: Ops | J21: Business Systems Analyst | K21: SD | L21: Walter Paredes | N21: =VLOOKUP(C21,BigQuery!$1:$1048576,10,FALSE) -> #N/A | O21: =VLOOKUP(C21,Looker!$1:$1048576,10,FALSE) -> #N/A | P21: =VLOOKUP(C21,Dataflow!$1:$1048576,10,FALSE) -> #N/A | Q21: =VLOOKUP(C21,Dataproc!$1:$1048576,10,FALSE) -> #N/A | R21: =VLOOKUP(C21,'Google Kubernetes Engine'!$1:$1048576,10,FALSE) -> #N/A | S21: =VLOOKUP(C21,'Apigee API Management'!$1:$1048576,10,FALSE) -> #N/A | T21: =VLOOKUP(C21,'Cloud Run'!$1:$1048576,10,FALSE) -> #N/A | U21: =VLOOKUP(C21,Workspace!$1:$1048576,10,FALSE) -> #N/A | V21: =VLOOKUP(C21,'Cloud SQL'!$1:$1048576,10,FALSE) -> #N/A | W21: =VLOOKUP(C21,'AlloyDB for PostgreSQL'!$1:$1048576,10,FALSE) -> #N/A | X21: =VLOOKUP(C21,Spanner!$1:$1048576,10,FALSE) -> #N/A | Y21: =VLOOKUP(C21,Oracle!$1:$1048576,10,FALSE) -> #N/A | Z21: =VLOOKUP(C21,'Google Compute Engine'!$1:$1048576,10,FALSE) -> #N/A | AA21: =VLOOKUP(C21,'Google Cloud Networking'!$1:$1048576,10,FALSE) -> #N/A | AB21: =VLOOKUP(C21,'SAP on Google Cloud'!$1:$1048576,10,FALSE) -> #N/A | AC21: =VLOOKUP(C21,'Google Cloud VMware Engine'!$1:$1048576,10,FALSE) -> #N/A | AD21: =VLOOKUP(C21,'Google Distributed Cloud'!$1:$1048576,10,FALSE) -> #N/A | AE21: =VLOOKUP(C21,'Cloud Security'!$1:$1048576,10,FALSE) -> #N/A | AF21: =VLOOKUP(C21,'Security Command Center'!$1:$1048576,10,FALSE) -> #N/A | AG21: =VLOOKUP(C21,'Security Operations'!$1:$1048576,10,FALSE) -> #N/A | AH21: =VLOOKUP(C21,'Google Threat Intelligence'!$1:$1048576,10,FALSE) -> #N/A | AI21: =VLOOKUP(C21,'Vertex AI Platform'!$1:$1048576,10,FALSE) -> #N/A | AJ21: =VLOOKUP(C21,'AI Applications'!$1:$1048576,10,FALSE) -> #N/A | AK21: =VLOOKUP(C21,'Gemini Enterprise'!$1:$1048576,10,FALSE) -> #N/A | AL21: =VLOOKUP(C21,'Customer Engagement Suite'!$1:$1048576,10,FALSE) -> #N/A | AM21: =SUM(N21:AL21) -> #N/A
A22: INC-18931 | B22: INC | C22: Clinton Pillsbury | D22: Associate Director | E22: L7 | F22: Walter Paredes | G22: CIDA-05 | H22: CIDA-05-6 | I22: Ops | J22: Full Stack Developer | K22: SD | L22: Walter Paredes | M22: Machine Learning Engineer | N22: =VLOOKUP(C22,BigQuery!$1:$1048576,10,FALSE) -> 0 | O22: =VLOOKUP(C22,Looker!$1:$1048576,10,FALSE) -> 0 | P22: =VLOOKUP(C22,Dataflow!$1:$1048576,10,FALSE) -> 0 | Q22: =VLOOKUP(C22,Dataproc!$1:$1048576,10,FALSE) -> 0 | R22: =VLOOKUP(C22,'Google Kubernetes Engine'!$1:$1048576,10,FALSE) -> 0 | S22: =VLOOKUP(C22,'Apigee API Management'!$1:$1048576,10,FALSE) -> 0 | T22: =VLOOKUP(C22,'Cloud Run'!$1:$1048576,10,FALSE) -> 0 | U22: =VLOOKUP(C22,Workspace!$1:$1048576,10,FALSE) -> 0 | V22: =VLOOKUP(C22,'Cloud SQL'!$1:$1048576,10,FALSE) -> 0 | W22: =VLOOKUP(C22,'AlloyDB for PostgreSQL'!$1:$1048576,10,FALSE) -> 0 | X22: =VLOOKUP(C22,Spanner!$1:$1048576,10,FALSE) -> 0 | Y22: =VLOOKUP(C22,Oracle!$1:$1048576,10,FALSE) -> 0 | Z22: =VLOOKUP(C22,'Google Compute Engine'!$1:$1048576,10,FALSE) -> 0 | AA22: =VLOOKUP(C22,'Google Cloud Networking'!$1:$1048576,10,FALSE) -> 0 | AB22: =VLOOKUP(C22,'SAP on Google Cloud'!$1:$1048576,10,FALSE) -> 0 | AC22: =VLOOKUP(C22,'Google Cloud VMware Engine'!$1:$1048576,10,FALSE) -> 0 | AD22: =VLOOKUP(C22,'Google Distributed Cloud'!$1:$1048576,10,FALSE) -> 0 | AE22: =VLOOKUP(C22,'Cloud Security'!$1:$1048576,10,FALSE) -> 0 | AF22: =VLOOKUP(C22,'Security Command Center'!$1:$1048576,10,FALSE) -> 0 | AG22: =VLOOKUP(C22,'Security Operations'!$1:$1048576,10,FALSE) -> 0 | AH22: =VLOOKUP(C22,'Google Threat Intelligence'!$1:$1048576,10,FALSE) -> 0 | AI22: =VLOOKUP(C22,'Vertex AI Platform'!$1:$1048576,10,FALSE) -> 0 | AJ22: =VLOOKUP(C22,'AI Applications'!$1:$1048576,10,FALSE) -> 0 | AK22: =VLOOKUP(C22,'Gemini Enterprise'!$1:$1048576,10,FALSE) -> 0 | AL22: =VLOOKUP(C22,'Customer Engagement Suite'!$1:$1048576,10,FALSE) -> 0 | AM22: =SUM(N22:AL22) -> 0
A23: CHI-17685 | B23: CHI | C23: Cristian Brauchy | D23: Senior Analyst | E23: L3 | F23: Gabriel Gajardo | G23: CIDA-01 | H23: CIDA-01-1 | I23: Ops | J23: BI Developer | K23: DE | L23: Venkatesh Coimbatore Kannan | N23: =VLOOKUP(C23,BigQuery!$1:$1048576,10,FALSE) -> 0 | O23: =VLOOKUP(C23,Looker!$1:$1048576,10,FALSE) -> 0 | P23: =VLOOKUP(C23,Dataflow!$1:$1048576,10,FALSE) -> 0 | Q23: =VLOOKUP(C23,Dataproc!$1:$1048576,10,FALSE) -> 0 | R23: =VLOOKUP(C23,'Google Kubernetes Engine'!$1:$1048576,10,FALSE) -> 0 | S23: =VLOOKUP(C23,'Apigee API Management'!$1:$1048576,10,FALSE) -> 0 | T23: =VLOOKUP(C23,'Cloud Run'!$1:$1048576,10,FALSE) -> 0 | U23: =VLOOKUP(C23,Workspace!$1:$1048576,10,FALSE) -> 0 | V23: =VLOOKUP(C23,'Cloud SQL'!$1:$1048576,10,FALSE) -> 0 | W23: =VLOOKUP(C23,'AlloyDB for PostgreSQL'!$1:$1048576,10,FALSE) -> 0 | X23: =VLOOKUP(C23,Spanner!$1:$1048576,10,FALSE) -> 0 | Y23: =VLOOKUP(C23,Oracle!$1:$1048576,10,FALSE) -> 0 | Z23: =VLOOKUP(C23,'Google Compute Engine'!$1:$1048576,10,FALSE) -> 0 | AA23: =VLOOKUP(C23,'Google Cloud Networking'!$1:$1048576,10,FALSE) -> 0 | AB23: =VLOOKUP(C23,'SAP on Google Cloud'!$1:$1048576,10,FALSE) -> 0 | AC23: =VLOOKUP(C23,'Google Cloud VMware Engine'!$1:$1048576,10,FALSE) -> 0 | AD23: =VLOOKUP(C23,'Google Distributed Cloud'!$1:$1048576,10,FALSE) -> 0 | AE23: =VLOOKUP(C23,'Cloud Security'!$1:$1048576,10,FALSE) -> 0 | AF23: =VLOOKUP(C23,'Security Command Center'!$1:$1048576,10,FALSE) -> 0 | AG23: =VLOOKUP(C23,'Security Operations'!$1:$1048576,10,FALSE) -> 0 | AH23: =VLOOKUP(C23,'Google Threat Intelligence'!$1:$1048576,10,FALSE) -> 0 | AI23: =VLOOKUP(C23,'Vertex AI Platform'!$1:$1048576,10,FALSE) -> 0 | AJ23: =VLOOKUP(C23,'AI Applications'!$1:$1048576,10,FALSE) -> 0 | AK23: =VLOOKUP(C23,'Gemini Enterprise'!$1:$1048576,10,FALSE) -> 0 | AL23: =VLOOKUP(C23,'Customer Engagement Suite'!$1:$1048576,10,FALSE) -> #N/A | AM23: =SUM(N23:AL23) -> #N/A
A24: CHI-11452 | B24: CHI | C24: Daniel Fuentes | D24: Consultant | E24: L4 | F24: Raman Bangalore Venkatakr | G24: CIDA-01 | H24: CIDA-01-4 | I24: Ops | J24: BI Developer | K24: BI | L24: Walter Paredes | N24: =VLOOKUP(C24,BigQuery!$1:$1048576,10,FALSE) -> 0 | O24: =VLOOKUP(C24,Looker!$1:$1048576,10,FALSE) -> 0 | P24: =VLOOKUP(C24,Dataflow!$1:$1048576,10,FALSE) -> 0 | Q24: =VLOOKUP(C24,Dataproc!$1:$1048576,10,FALSE) -> 0 | R24: =VLOOKUP(C24,'Google Kubernetes Engine'!$1:$1048576,10,FALSE) -> 0 | S24: =VLOOKUP(C24,'Apigee API Management'!$1:$1048576,10,FALSE) -> 0 | T24: =VLOOKUP(C24,'Cloud Run'!$1:$1048576,10,FALSE) -> 0 | U24: =VLOOKUP(C24,Workspace!$1:$1048576,10,FALSE) -> 0 | V24: =VLOOKUP(C24,'Cloud SQL'!$1:$1048576,10,FALSE) -> 0 | W24: =VLOOKUP(C24,'AlloyDB for PostgreSQL'!$1:$1048576,10,FALSE) -> 0 | X24: =VLOOKUP(C24,Spanner!$1:$1048576,10,FALSE) -> 0 | Y24: =VLOOKUP(C24,Oracle!$1:$1048576,10,FALSE) -> 0 | Z24: =VLOOKUP(C24,'Google Compute Engine'!$1:$1048576,10,FALSE) -> 0 | AA24: =VLOOKUP(C24,'Google Cloud Networking'!$1:$1048576,10,FALSE) -> 0 | AB24: =VLOOKUP(C24,'SAP on Google Cloud'!$1:$1048576,10,FALSE) -> 0 | AC24: =VLOOKUP(C24,'Google Cloud VMware Engine'!$1:$1048576,10,FALSE) -> 0 | AD24: =VLOOKUP(C24,'Google Distributed Cloud'!$1:$1048576,10,FALSE) -> 0 | AE24: =VLOOKUP(C24,'Cloud Security'!$1:$1048576,10,FALSE) -> 0 | AF24: =VLOOKUP(C24,'Security Command Center'!$1:$1048576,10,FALSE) -> 0 | AG24: =VLOOKUP(C24,'Security Operations'!$1:$1048576,10,FALSE) -> 0 | AH24: =VLOOKUP(C24,'Google Threat Intelligence'!$1:$1048576,10,FALSE) -> 0 | AI24: =VLOOKUP(C24,'Vertex AI Platform'!$1:$1048576,10,FALSE) -> 0 | AJ24: =VLOOKUP(C24,'AI Applications'!$1:$1048576,10,FALSE) -> 0 | AK24: =VLOOKUP(C24,'Gemini Enterprise'!$1:$1048576,10,FALSE) -> 0 | AL24: =VLOOKUP(C24,'Customer Engagement Suite'!$1:$1048576,10,FALSE) -> 0 | AM24: =SUM(N24:AL24) -> 0
A25: CHI-11639 | B25: CHI | C25: Daniel Gatica | D25: Principal Consultant | E25: L6 | F25: Venkatesh Kannan | G25: CIDA-01 | H25: CIDA-01-1 | I25: Ops | J25: Data Engineer | K25: DE | L25: Venkatesh Coimbatore Kannan | N25: =VLOOKUP(C25,BigQuery!$1:$1048576,10,FALSE) -> 0 | O25: =VLOOKUP(C25,Looker!$1:$1048576,10,FALSE) -> 0 | P25: =VLOOKUP(C25,Dataflow!$1:$1048576,10,FALSE) -> 0 | Q25: =VLOOKUP(C25,Dataproc!$1:$1048576,10,FALSE) -> 0 | R25: =VLOOKUP(C25,'Google Kubernetes Engine'!$1:$1048576,10,FALSE) -> 0 | S25: =VLOOKUP(C25,'Apigee API Management'!$1:$1048576,10,FALSE) -> 0 | T25: =VLOOKUP(C25,'Cloud Run'!$1:$1048576,10,FALSE) -> 0 | U25: =VLOOKUP(C25,Workspace!$1:$1048576,10,FALSE) -> 0 | V25: =VLOOKUP(C25,'Cloud SQL'!$1:$1048576,10,FALSE) -> 0 | W25: =VLOOKUP(C25,'AlloyDB for PostgreSQL'!$1:$1048576,10,FALSE) -> 0 | X25: =VLOOKUP(C25,Spanner!$1:$1048576,10,FALSE) -> 0 | Y25: =VLOOKUP(C25,Oracle!$1:$1048576,10,FALSE) -> 0 | Z25: =VLOOKUP(C25,'Google Compute Engine'!$1:$1048576,10,FALSE) -> 0 | AA25: =VLOOKUP(C25,'Google Cloud Networking'!$1:$1048576,10,FALSE) -> 0 | AB25: =VLOOKUP(C25,'SAP on Google Cloud'!$1:$1048576,10,FALSE) -> 0 | AC25: =VLOOKUP(C25,'Google Cloud VMware Engine'!$1:$1048576,10,FALSE) -> 0 | AD25: =VLOOKUP(C25,'Google Distributed Cloud'!$1:$1048576,10,FALSE) -> 0 | AE25: =VLOOKUP(C25,'Cloud Security'!$1:$1048576,10,FALSE) -> 0 | AF25: =VLOOKUP(C25,'Security Command Center'!$1:$1048576,10,FALSE) -> 0 | AG25: =VLOOKUP(C25,'Security Operations'!$1:$1048576,10,FALSE) -> 0 | AH25: =VLOOKUP(C25,'Google Threat Intelligence'!$1:$1048576,10,FALSE) -> 0 | AI25: =VLOOKUP(C25,'Vertex AI Platform'!$1:$1048576,10,FALSE) -> 0 | AJ25: =VLOOKUP(C25,'AI Applications'!$1:$1048576,10,FALSE) -> 0 | AK25: =VLOOKUP(C25,'Gemini Enterprise'!$1:$1048576,10,FALSE) -> 0 | AL25: =VLOOKUP(C25,'Customer Engagement Suite'!$1:$1048576,10,FALSE) -> 0 | AM25: =SUM(N25:AL25) -> 0
A26: CHI-16523 | B26: CHI | C26: Daniela Poblete | D26: Consultant | E26: L4 | F26: Jorge Ponce | G26: CIDA-01 | H26: CIDA-01-6 | I26: Ops | J26: Project Manager | K26: SD | L26: Walter Paredes | N26: =VLOOKUP(C26,BigQuery!$1:$1048576,10,FALSE) -> 0 | O26: =VLOOKUP(C26,Looker!$1:$1048576,10,FALSE) -> 0 | P26: =VLOOKUP(C26,Dataflow!$1:$1048576,10,FALSE) -> 0 | Q26: =VLOOKUP(C26,Dataproc!$1:$1048576,10,FALSE) -> 0 | R26: =VLOOKUP(C26,'Google Kubernetes Engine'!$1:$1048576,10,FALSE) -> 0 | S26: =VLOOKUP(C26,'Apigee API Management'!$1:$1048576,10,FALSE) -> 0 | T26: =VLOOKUP(C26,'Cloud Run'!$1:$1048576,10,FALSE) -> 0 | U26: =VLOOKUP(C26,Workspace!$1:$1048576,10,FALSE) -> 0 | V26: =VLOOKUP(C26,'Cloud SQL'!$1:$1048576,10,FALSE) -> 0 | W26: =VLOOKUP(C26,'AlloyDB for PostgreSQL'!$1:$1048576,10,FALSE) -> 0 | X26: =VLOOKUP(C26,Spanner!$1:$1048576,10,FALSE) -> 0 | Y26: =VLOOKUP(C26,Oracle!$1:$1048576,10,FALSE) -> 0 | Z26: =VLOOKUP(C26,'Google Compute Engine'!$1:$1048576,10,FALSE) -> 0 | AA26: =VLOOKUP(C26,'Google Cloud Networking'!$1:$1048576,10,FALSE) -> 0 | AB26: =VLOOKUP(C26,'SAP on Google Cloud'!$1:$1048576,10,FALSE) -> 0 | AC26: =VLOOKUP(C26,'Google Cloud VMware Engine'!$1:$1048576,10,FALSE) -> 0 | AD26: =VLOOKUP(C26,'Google Distributed Cloud'!$1:$1048576,10,FALSE) -> 0 | AE26: =VLOOKUP(C26,'Cloud Security'!$1:$1048576,10,FALSE) -> 0 | AF26: =VLOOKUP(C26,'Security Command Center'!$1:$1048576,10,FALSE) -> 0 | AG26: =VLOOKUP(C26,'Security Operations'!$1:$1048576,10,FALSE) -> 0 | AH26: =VLOOKUP(C26,'Google Threat Intelligence'!$1:$1048576,10,FALSE) -> 0 | AI26: =VLOOKUP(C26,'Vertex AI Platform'!$1:$1048576,10,FALSE) -> 0 | AJ26: =VLOOKUP(C26,'AI Applications'!$1:$1048576,10,FALSE) -> 0 | AK26: =VLOOKUP(C26,'Gemini Enterprise'!$1:$1048576,10,FALSE) -> 0 | AL26: =VLOOKUP(C26,'Customer Engagement Suite'!$1:$1048576,10,FALSE) -> 0 | AM26: =SUM(N26:AL26) -> 0
A27: CHI-13106 | B27: CHI | C27: Daniela Soto | D27: Senior Consultant | E27: L5 | F27: Julio Verdugo | G27: CIDA-01 | H27: CIDA-01-4 | I27: Ops | J27: BI Developer | K27: BI | L27: Walter Paredes | N27: =VLOOKUP(C27,BigQuery!$1:$1048576,10,FALSE) -> 0 | O27: =VLOOKUP(C27,Looker!$1:$1048576,10,FALSE) -> 0 | P27: =VLOOKUP(C27,Dataflow!$1:$1048576,10,FALSE) -> 0 | Q27: =VLOOKUP(C27,Dataproc!$1:$1048576,10,FALSE) -> 0 | R27: =VLOOKUP(C27,'Google Kubernetes Engine'!$1:$1048576,10,FALSE) -> 0 | S27: =VLOOKUP(C27,'Apigee API Management'!$1:$1048576,10,FALSE) -> 0 | T27: =VLOOKUP(C27,'Cloud Run'!$1:$1048576,10,FALSE) -> 0 | U27: =VLOOKUP(C27,Workspace!$1:$1048576,10,FALSE) -> 0 | V27: =VLOOKUP(C27,'Cloud SQL'!$1:$1048576,10,FALSE) -> 0 | W27: =VLOOKUP(C27,'AlloyDB for PostgreSQL'!$1:$1048576,10,FALSE) -> 0 | X27: =VLOOKUP(C27,Spanner!$1:$1048576,10,FALSE) -> 0 | Y27: =VLOOKUP(C27,Oracle!$1:$1048576,10,FALSE) -> 0 | Z27: =VLOOKUP(C27,'Google Compute Engine'!$1:$1048576,10,FALSE) -> 0 | AA27: =VLOOKUP(C27,'Google Cloud Networking'!$1:$1048576,10,FALSE) -> 0 | AB27: =VLOOKUP(C27,'SAP on Google Cloud'!$1:$1048576,10,FALSE) -> 0 | AC27: =VLOOKUP(C27,'Google Cloud VMware Engine'!$1:$1048576,10,FALSE) -> 0 | AD27: =VLOOKUP(C27,'Google Distributed Cloud'!$1:$1048576,10,FALSE) -> 0 | AE27: =VLOOKUP(C27,'Cloud Security'!$1:$1048576,10,FALSE) -> 0 | AF27: =VLOOKUP(C27,'Security Command Center'!$1:$1048576,10,FALSE) -> 0 | AG27: =VLOOKUP(C27,'Security Operations'!$1:$1048576,10,FALSE) -> 0 | AH27: =VLOOKUP(C27,'Google Threat Intelligence'!$1:$1048576,10,FALSE) -> 0 | AI27: =VLOOKUP(C27,'Vertex AI Platform'!$1:$1048576,10,FALSE) -> 0 | AJ27: =VLOOKUP(C27,'AI Applications'!$1:$1048576,10,FALSE) -> 0 | AK27: =VLOOKUP(C27,'Gemini Enterprise'!$1:$1048576,10,FALSE) -> 0 | AL27: =VLOOKUP(C27,'Customer Engagement Suite'!$1:$1048576,10,FALSE) -> 0 | AM27: =SUM(N27:AL27) -> 0
A28: CHI-18680 | B28: CHI | C28: David Hernandez | D28: Senior Consultant | E28: L5 | F28: Walter Paredes | G28: CIDA-01 | H28: CIDA-01-6 | I28: Ops | J28: UI/UX Designer | K28: SD | L28: Walter Paredes | M28: None | N28: =VLOOKUP(C28,BigQuery!$1:$1048576,10,FALSE) -> 0 | O28: =VLOOKUP(C28,Looker!$1:$1048576,10,FALSE) -> 0 | P28: =VLOOKUP(C28,Dataflow!$1:$1048576,10,FALSE) -> 0 | Q28: =VLOOKUP(C28,Dataproc!$1:$1048576,10,FALSE) -> 0 | R28: =VLOOKUP(C28,'Google Kubernetes Engine'!$1:$1048576,10,FALSE) -> 0 | S28: =VLOOKUP(C28,'Apigee API Management'!$1:$1048576,10,FALSE) -> 0 | T28: =VLOOKUP(C28,'Cloud Run'!$1:$1048576,10,FALSE) -> 0 | U28: =VLOOKUP(C28,Workspace!$1:$1048576,10,FALSE) -> 0 | V28: =VLOOKUP(C28,'Cloud SQL'!$1:$1048576,10,FALSE) -> 0 | W28: =VLOOKUP(C28,'AlloyDB for PostgreSQL'!$1:$1048576,10,FALSE) -> 0 | X28: =VLOOKUP(C28,Spanner!$1:$1048576,10,FALSE) -> 0 | Y28: =VLOOKUP(C28,Oracle!$1:$1048576,10,FALSE) -> 0 | Z28: =VLOOKUP(C28,'Google Compute Engine'!$1:$1048576,10,FALSE) -> 0 | AA28: =VLOOKUP(C28,'Google Cloud Networking'!$1:$1048576,10,FALSE) -> 0 | AB28: =VLOOKUP(C28,'SAP on Google Cloud'!$1:$1048576,10,FALSE) -> 0 | AC28: =VLOOKUP(C28,'Google Cloud VMware Engine'!$1:$1048576,10,FALSE) -> 0 | AD28: =VLOOKUP(C28,'Google Distributed Cloud'!$1:$1048576,10,FALSE) -> 0 | AE28: =VLOOKUP(C28,'Cloud Security'!$1:$1048576,10,FALSE) -> 0 | AF28: =VLOOKUP(C28,'Security Command Center'!$1:$1048576,10,FALSE) -> 0 | AG28: =VLOOKUP(C28,'Security Operations'!$1:$1048576,10,FALSE) -> 0 | AH28: =VLOOKUP(C28,'Google Threat Intelligence'!$1:$1048576,10,FALSE) -> 0 | AI28: =VLOOKUP(C28,'Vertex AI Platform'!$1:$1048576,10,FALSE) -> 0 | AJ28: =VLOOKUP(C28,'AI Applications'!$1:$1048576,10,FALSE) -> 0 | AK28: =VLOOKUP(C28,'Gemini Enterprise'!$1:$1048576,10,FALSE) -> 0 | AL28: =VLOOKUP(C28,'Customer Engagement Suite'!$1:$1048576,10,FALSE) -> 0 | AM28: =SUM(N28:AL28) -> 0
A29: CHI-10765 | B29: CHI | C29: Diego Cordova | D29: Principal Consultant | E29: L6 | F29: Venkatesh Kannan | G29: CIDA-01 | H29: CIDA-01-1 | I29: Ops | J29: BI Developer | K29: DE | L29: Venkatesh Coimbatore Kannan | N29: =VLOOKUP(C29,BigQuery!$1:$1048576,10,FALSE) -> 0 | O29: =VLOOKUP(C29,Looker!$1:$1048576,10,FALSE) -> 0 | P29: =VLOOKUP(C29,Dataflow!$1:$1048576,10,FALSE) -> 0 | Q29: =VLOOKUP(C29,Dataproc!$1:$1048576,10,FALSE) -> 0 | R29: =VLOOKUP(C29,'Google Kubernetes Engine'!$1:$1048576,10,FALSE) -> 0 | S29: =VLOOKUP(C29,'Apigee API Management'!$1:$1048576,10,FALSE) -> 0 | T29: =VLOOKUP(C29,'Cloud Run'!$1:$1048576,10,FALSE) -> 0 | U29: =VLOOKUP(C29,Workspace!$1:$1048576,10,FALSE) -> 0 | V29: =VLOOKUP(C29,'Cloud SQL'!$1:$1048576,10,FALSE) -> 0 | W29: =VLOOKUP(C29,'AlloyDB for PostgreSQL'!$1:$1048576,10,FALSE) -> 0 | X29: =VLOOKUP(C29,Spanner!$1:$1048576,10,FALSE) -> 0 | Y29: =VLOOKUP(C29,Oracle!$1:$1048576,10,FALSE) -> 0 | Z29: =VLOOKUP(C29,'Google Compute Engine'!$1:$1048576,10,FALSE) -> 0 | AA29: =VLOOKUP(C29,'Google Cloud Networking'!$1:$1048576,10,FALSE) -> 0 | AB29: =VLOOKUP(C29,'SAP on Google Cloud'!$1:$1048576,10,FALSE) -> 0 | AC29: =VLOOKUP(C29,'Google Cloud VMware Engine'!$1:$1048576,10,FALSE) -> 0 | AD29: =VLOOKUP(C29,'Google Distributed Cloud'!$1:$1048576,10,FALSE) -> 0 | AE29: =VLOOKUP(C29,'Cloud Security'!$1:$1048576,10,FALSE) -> 0 | AF29: =VLOOKUP(C29,'Security Command Center'!$1:$1048576,10,FALSE) -> 0 | AG29: =VLOOKUP(C29,'Security Operations'!$1:$1048576,10,FALSE) -> 0 | AH29: =VLOOKUP(C29,'Google Threat Intelligence'!$1:$1048576,10,FALSE) -> 0 | AI29: =VLOOKUP(C29,'Vertex AI Platform'!$1:$1048576,10,FALSE) -> 0 | AJ29: =VLOOKUP(C29,'AI Applications'!$1:$1048576,10,FALSE) -> 0 | AK29: =VLOOKUP(C29,'Gemini Enterprise'!$1:$1048576,10,FALSE) -> 0 | AL29: =VLOOKUP(C29,'Customer Engagement Suite'!$1:$1048576,10,FALSE) -> 0 | AM29: =SUM(N29:AL29) -> 0
A30: CHI-15485 | B30: CHI | C30: Diego Hevia | D30: Senior Analyst | E30: L3 | F30: Julio Verdugo | G30: CIDA-01 | H30: CIDA-01-4 | I30: Ops | J30: BI Developer | K30: BI | L30: Walter Paredes | N30: =VLOOKUP(C30,BigQuery!$1:$1048576,10,FALSE) -> 0 | O30: =VLOOKUP(C30,Looker!$1:$1048576,10,FALSE) -> 0 | P30: =VLOOKUP(C30,Dataflow!$1:$1048576,10,FALSE) -> 0 | Q30: =VLOOKUP(C30,Dataproc!$1:$1048576,10,FALSE) -> 0 | R30: =VLOOKUP(C30,'Google Kubernetes Engine'!$1:$1048576,10,FALSE) -> 0 | S30: =VLOOKUP(C30,'Apigee API Management'!$1:$1048576,10,FALSE) -> 0 | T30: =VLOOKUP(C30,'Cloud Run'!$1:$1048576,10,FALSE) -> 0 | U30: =VLOOKUP(C30,Workspace!$1:$1048576,10,FALSE) -> 0 | V30: =VLOOKUP(C30,'Cloud SQL'!$1:$1048576,10,FALSE) -> 0 | W30: =VLOOKUP(C30,'AlloyDB for PostgreSQL'!$1:$1048576,10,FALSE) -> 0 | X30: =VLOOKUP(C30,Spanner!$1:$1048576,10,FALSE) -> 0 | Y30: =VLOOKUP(C30,Oracle!$1:$1048576,10,FALSE) -> 0 | Z30: =VLOOKUP(C30,'Google Compute Engine'!$1:$1048576,10,FALSE) -> 0 | AA30: =VLOOKUP(C30,'Google Cloud Networking'!$1:$1048576,10,FALSE) -> 0 | AB30: =VLOOKUP(C30,'SAP on Google Cloud'!$1:$1048576,10,FALSE) -> 0 | AC30: =VLOOKUP(C30,'Google Cloud VMware Engine'!$1:$1048576,10,FALSE) -> 0 | AD30: =VLOOKUP(C30,'Google Distributed Cloud'!$1:$1048576,10,FALSE) -> 0 | AE30: =VLOOKUP(C30,'Cloud Security'!$1:$1048576,10,FALSE) -> 0 | AF30: =VLOOKUP(C30,'Security Command Center'!$1:$1048576,10,FALSE) -> 0 | AG30: =VLOOKUP(C30,'Security Operations'!$1:$1048576,10,FALSE) -> 0 | AH30: =VLOOKUP(C30,'Google Threat Intelligence'!$1:$1048576,10,FALSE) -> 0 | AI30: =VLOOKUP(C30,'Vertex AI Platform'!$1:$1048576,10,FALSE) -> 0 | AJ30: =VLOOKUP(C30,'AI Applications'!$1:$1048576,10,FALSE) -> 0 | AK30: =VLOOKUP(C30,'Gemini Enterprise'!$1:$1048576,10,FALSE) -> 0 | AL30: =VLOOKUP(C30,'Customer Engagement Suite'!$1:$1048576,10,FALSE) -> 0 | AM30: =SUM(N30:AL30) -> 0
A31: INC-18223 | B31: INC | C31: Mihidum Gunasekara | D31: Principal Consultant | E31: L6 | F31: Arnav Sharma | G31: CIDA-05 | H31: CIDA-05-2 | I31: Ops | J31: Data Scientist | K31: DS | L31: Arnav Sharma | N31: =VLOOKUP(C31,BigQuery!$1:$1048576,10,FALSE) -> 0 | O31: =VLOOKUP(C31,Looker!$1:$1048576,10,FALSE) -> 0 | P31: =VLOOKUP(C31,Dataflow!$1:$1048576,10,FALSE) -> 0 | Q31: =VLOOKUP(C31,Dataproc!$1:$1048576,10,FALSE) -> 0 | R31: =VLOOKUP(C31,'Google Kubernetes Engine'!$1:$1048576,10,FALSE) -> 0 | S31: =VLOOKUP(C31,'Apigee API Management'!$1:$1048576,10,FALSE) -> 0 | T31: =VLOOKUP(C31,'Cloud Run'!$1:$1048576,10,FALSE) -> 0 | U31: =VLOOKUP(C31,Workspace!$1:$1048576,10,FALSE) -> 0 | V31: =VLOOKUP(C31,'Cloud SQL'!$1:$1048576,10,FALSE) -> 0 | W31: =VLOOKUP(C31,'AlloyDB for PostgreSQL'!$1:$1048576,10,FALSE) -> 0 | X31: =VLOOKUP(C31,Spanner!$1:$1048576,10,FALSE) -> 0 | Y31: =VLOOKUP(C31,Oracle!$1:$1048576,10,FALSE) -> 0 | Z31: =VLOOKUP(C31,'Google Compute Engine'!$1:$1048576,10,FALSE) -> 0 | AA31: =VLOOKUP(C31,'Google Cloud Networking'!$1:$1048576,10,FALSE) -> 0 | AB31: =VLOOKUP(C31,'SAP on Google Cloud'!$1:$1048576,10,FALSE) -> 0 | AC31: =VLOOKUP(C31,'Google Cloud VMware Engine'!$1:$1048576,10,FALSE) -> 0 | AD31: =VLOOKUP(C31,'Google Distributed Cloud'!$1:$1048576,10,FALSE) -> 0 | AE31: =VLOOKUP(C31,'Cloud Security'!$1:$1048576,10,FALSE) -> 0 | AF31: =VLOOKUP(C31,'Security Command Center'!$1:$1048576,10,FALSE) -> 0 | AG31: =VLOOKUP(C31,'Security Operations'!$1:$1048576,10,FALSE) -> 0 | AH31: =VLOOKUP(C31,'Google Threat Intelligence'!$1:$1048576,10,FALSE) -> 0 | AI31: =VLOOKUP(C31,'Vertex AI Platform'!$1:$1048576,10,FALSE) -> 0 | AJ31: =VLOOKUP(C31,'AI Applications'!$1:$1048576,10,FALSE) -> 0 | AK31: =VLOOKUP(C31,'Gemini Enterprise'!$1:$1048576,10,FALSE) -> 0 | AL31: =VLOOKUP(C31,'Customer Engagement Suite'!$1:$1048576,10,FALSE) -> 0 | AM31: =SUM(N31:AL31) -> 0
A32: CHI-21705 | B32: CHI | C32: Eduardo Farias | D32: Senior Analyst | E32: L3 | F32: Brian Mackenzie | G32: CIDA-01 | H32: CIDA-01-1 | I32: Ops | J32: BI Developer | K32: DE | L32: Venkatesh Coimbatore Kannan | N32: =VLOOKUP(C32,BigQuery!$1:$1048576,10,FALSE) -> #N/A | O32: =VLOOKUP(C32,Looker!$1:$1048576,10,FALSE) -> #N/A | P32: =VLOOKUP(C32,Dataflow!$1:$1048576,10,FALSE) -> #N/A | Q32: =VLOOKUP(C32,Dataproc!$1:$1048576,10,FALSE) -> #N/A | R32: =VLOOKUP(C32,'Google Kubernetes Engine'!$1:$1048576,10,FALSE) -> #N/A | S32: =VLOOKUP(C32,'Apigee API Management'!$1:$1048576,10,FALSE) -> #N/A | T32: =VLOOKUP(C32,'Cloud Run'!$1:$1048576,10,FALSE) -> #N/A | U32: =VLOOKUP(C32,Workspace!$1:$1048576,10,FALSE) -> #N/A | V32: =VLOOKUP(C32,'Cloud SQL'!$1:$1048576,10,FALSE) -> #N/A | W32: =VLOOKUP(C32,'AlloyDB for PostgreSQL'!$1:$1048576,10,FALSE) -> #N/A | X32: =VLOOKUP(C32,Spanner!$1:$1048576,10,FALSE) -> #N/A | Y32: =VLOOKUP(C32,Oracle!$1:$1048576,10,FALSE) -> #N/A | Z32: =VLOOKUP(C32,'Google Compute Engine'!$1:$1048576,10,FALSE) -> #N/A | AA32: =VLOOKUP(C32,'Google Cloud Networking'!$1:$1048576,10,FALSE) -> #N/A | AB32: =VLOOKUP(C32,'SAP on Google Cloud'!$1:$1048576,10,FALSE) -> #N/A | AC32: =VLOOKUP(C32,'Google Cloud VMware Engine'!$1:$1048576,10,FALSE) -> #N/A | AD32: =VLOOKUP(C32,'Google Distributed Cloud'!$1:$1048576,10,FALSE) -> #N/A | AE32: =VLOOKUP(C32,'Cloud Security'!$1:$1048576,10,FALSE) -> #N/A | AF32: =VLOOKUP(C32,'Security Command Center'!$1:$1048576,10,FALSE) -> #N/A | AG32: =VLOOKUP(C32,'Security Operations'!$1:$1048576,10,FALSE) -> #N/A | AH32: =VLOOKUP(C32,'Google Threat Intelligence'!$1:$1048576,10,FALSE) -> #N/A | AI32: =VLOOKUP(C32,'Vertex AI Platform'!$1:$1048576,10,FALSE) -> #N/A | AJ32: =VLOOKUP(C32,'AI Applications'!$1:$1048576,10,FALSE) -> #N/A | AK32: =VLOOKUP(C32,'Gemini Enterprise'!$1:$1048576,10,FALSE) -> #N/A | AL32: =VLOOKUP(C32,'Customer Engagement Suite'!$1:$1048576,10,FALSE) -> #N/A | AM32: =SUM(N32:AL32) -> #N/A
A33: CHI-8009 | B33: CHI | C33: Esteban Torres | D33: Principal Consultant | E33: L6 | F33: Raman Bangalore Venkatakr | G33: CIDA-01 | H33: CIDA-01-4 | I33: Ops | J33: BI Developer | K33: BI | L33: Walter Paredes | N33: =VLOOKUP(C33,BigQuery!$1:$1048576,10,FALSE) -> 0 | O33: =VLOOKUP(C33,Looker!$1:$1048576,10,FALSE) -> 0 | P33: =VLOOKUP(C33,Dataflow!$1:$1048576,10,FALSE) -> 0 | Q33: =VLOOKUP(C33,Dataproc!$1:$1048576,10,FALSE) -> 0 | R33: =VLOOKUP(C33,'Google Kubernetes Engine'!$1:$1048576,10,FALSE) -> 0 | S33: =VLOOKUP(C33,'Apigee API Management'!$1:$1048576,10,FALSE) -> 0 | T33: =VLOOKUP(C33,'Cloud Run'!$1:$1048576,10,FALSE) -> 0 | U33: =VLOOKUP(C33,Workspace!$1:$1048576,10,FALSE) -> 0 | V33: =VLOOKUP(C33,'Cloud SQL'!$1:$1048576,10,FALSE) -> 0 | W33: =VLOOKUP(C33,'AlloyDB for PostgreSQL'!$1:$1048576,10,FALSE) -> 0 | X33: =VLOOKUP(C33,Spanner!$1:$1048576,10,FALSE) -> 0 | Y33: =VLOOKUP(C33,Oracle!$1:$1048576,10,FALSE) -> 0 | Z33: =VLOOKUP(C33,'Google Compute Engine'!$1:$1048576,10,FALSE) -> 0 | AA33: =VLOOKUP(C33,'Google Cloud Networking'!$1:$1048576,10,FALSE) -> 0 | AB33: =VLOOKUP(C33,'SAP on Google Cloud'!$1:$1048576,10,FALSE) -> 0 | AC33: =VLOOKUP(C33,'Google Cloud VMware Engine'!$1:$1048576,10,FALSE) -> 0 | AD33: =VLOOKUP(C33,'Google Distributed Cloud'!$1:$1048576,10,FALSE) -> 0 | AE33: =VLOOKUP(C33,'Cloud Security'!$1:$1048576,10,FALSE) -> 0 | AF33: =VLOOKUP(C33,'Security Command Center'!$1:$1048576,10,FALSE) -> 0 | AG33: =VLOOKUP(C33,'Security Operations'!$1:$1048576,10,FALSE) -> 0 | AH33: =VLOOKUP(C33,'Google Threat Intelligence'!$1:$1048576,10,FALSE) -> 0 | AI33: =VLOOKUP(C33,'Vertex AI Platform'!$1:$1048576,10,FALSE) -> 0 | AJ33: =VLOOKUP(C33,'AI Applications'!$1:$1048576,10,FALSE) -> 0 | AK33: =VLOOKUP(C33,'Gemini Enterprise'!$1:$1048576,10,FALSE) -> 0 | AL33: =VLOOKUP(C33,'Customer Engagement Suite'!$1:$1048576,10,FALSE) -> 0 | AM33: =SUM(N33:AL33) -> 0
A34: COL-23630 | B34: COL | C34: Fabiana Alvarado | D34: Senior Analyst | E34: L3 | F34: David Hernandez | G34: CIDA-01 | H34: CIDA-01-6 | I34: Ops | J34: UI/UX Designer | K34: SD | L34: Walter Paredes | M34: None | N34: =VLOOKUP(C34,BigQuery!$1:$1048576,10,FALSE) -> 0 | O34: =VLOOKUP(C34,Looker!$1:$1048576,10,FALSE) -> 0 | P34: =VLOOKUP(C34,Dataflow!$1:$1048576,10,FALSE) -> 0 | Q34: =VLOOKUP(C34,Dataproc!$1:$1048576,10,FALSE) -> 0 | R34: =VLOOKUP(C34,'Google Kubernetes Engine'!$1:$1048576,10,FALSE) -> 0 | S34: =VLOOKUP(C34,'Apigee API Management'!$1:$1048576,10,FALSE) -> 0 | T34: =VLOOKUP(C34,'Cloud Run'!$1:$1048576,10,FALSE) -> 0 | U34: =VLOOKUP(C34,Workspace!$1:$1048576,10,FALSE) -> 0 | V34: =VLOOKUP(C34,'Cloud SQL'!$1:$1048576,10,FALSE) -> 0 | W34: =VLOOKUP(C34,'AlloyDB for PostgreSQL'!$1:$1048576,10,FALSE) -> 0 | X34: =VLOOKUP(C34,Spanner!$1:$1048576,10,FALSE) -> 0 | Y34: =VLOOKUP(C34,Oracle!$1:$1048576,10,FALSE) -> 0 | Z34: =VLOOKUP(C34,'Google Compute Engine'!$1:$1048576,10,FALSE) -> 0 | AA34: =VLOOKUP(C34,'Google Cloud Networking'!$1:$1048576,10,FALSE) -> 0 | AB34: =VLOOKUP(C34,'SAP on Google Cloud'!$1:$1048576,10,FALSE) -> 0 | AC34: =VLOOKUP(C34,'Google Cloud VMware Engine'!$1:$1048576,10,FALSE) -> 0 | AD34: =VLOOKUP(C34,'Google Distributed Cloud'!$1:$1048576,10,FALSE) -> 0 | AE34: =VLOOKUP(C34,'Cloud Security'!$1:$1048576,10,FALSE) -> 0 | AF34: =VLOOKUP(C34,'Security Command Center'!$1:$1048576,10,FALSE) -> 0 | AG34: =VLOOKUP(C34,'Security Operations'!$1:$1048576,10,FALSE) -> 0 | AH34: =VLOOKUP(C34,'Google Threat Intelligence'!$1:$1048576,10,FALSE) -> 0 | AI34: =VLOOKUP(C34,'Vertex AI Platform'!$1:$1048576,10,FALSE) -> 0 | AJ34: =VLOOKUP(C34,'AI Applications'!$1:$1048576,10,FALSE) -> 0 | AK34: =VLOOKUP(C34,'Gemini Enterprise'!$1:$1048576,10,FALSE) -> 0 | AL34: =VLOOKUP(C34,'Customer Engagement Suite'!$1:$1048576,10,FALSE) -> 0 | AM34: =SUM(N34:AL34) -> 0
A35: CHI-21131 | B35: CHI | C35: Felipe Espinoza | D35: Consultant | E35: L4 | F35: Raman Bangalore Venkatakr | G35: CIDA-01 | H35: CIDA-01-4 | I35: Ops | J35: BI Developer | K35: BI | L35: Walter Paredes | N35: =VLOOKUP(C35,BigQuery!$1:$1048576,10,FALSE) -> 5 | O35: =VLOOKUP(C35,Looker!$1:$1048576,10,FALSE) -> 0 | P35: =VLOOKUP(C35,Dataflow!$1:$1048576,10,FALSE) -> 0 | Q35: =VLOOKUP(C35,Dataproc!$1:$1048576,10,FALSE) -> 0 | R35: =VLOOKUP(C35,'Google Kubernetes Engine'!$1:$1048576,10,FALSE) -> 0 | S35: =VLOOKUP(C35,'Apigee API Management'!$1:$1048576,10,FALSE) -> 0 | T35: =VLOOKUP(C35,'Cloud Run'!$1:$1048576,10,FALSE) -> 0 | U35: =VLOOKUP(C35,Workspace!$1:$1048576,10,FALSE) -> 0 | V35: =VLOOKUP(C35,'Cloud SQL'!$1:$1048576,10,FALSE) -> 0 | W35: =VLOOKUP(C35,'AlloyDB for PostgreSQL'!$1:$1048576,10,FALSE) -> 0 | X35: =VLOOKUP(C35,Spanner!$1:$1048576,10,FALSE) -> 0 | Y35: =VLOOKUP(C35,Oracle!$1:$1048576,10,FALSE) -> 0 | Z35: =VLOOKUP(C35,'Google Compute Engine'!$1:$1048576,10,FALSE) -> 0 | AA35: =VLOOKUP(C35,'Google Cloud Networking'!$1:$1048576,10,FALSE) -> 0 | AB35: =VLOOKUP(C35,'SAP on Google Cloud'!$1:$1048576,10,FALSE) -> 0 | AC35: =VLOOKUP(C35,'Google Cloud VMware Engine'!$1:$1048576,10,FALSE) -> 0 | AD35: =VLOOKUP(C35,'Google Distributed Cloud'!$1:$1048576,10,FALSE) -> 0 | AE35: =VLOOKUP(C35,'Cloud Security'!$1:$1048576,10,FALSE) -> 0 | AF35: =VLOOKUP(C35,'Security Command Center'!$1:$1048576,10,FALSE) -> 0 | AG35: =VLOOKUP(C35,'Security Operations'!$1:$1048576,10,FALSE) -> 0 | AH35: =VLOOKUP(C35,'Google Threat Intelligence'!$1:$1048576,10,FALSE) -> 0 | AI35: =VLOOKUP(C35,'Vertex AI Platform'!$1:$1048576,10,FALSE) -> 0 | AJ35: =VLOOKUP(C35,'AI Applications'!$1:$1048576,10,FALSE) -> 0 | AK35: =VLOOKUP(C35,'Gemini Enterprise'!$1:$1048576,10,FALSE) -> 0 | AL35: =VLOOKUP(C35,'Customer Engagement Suite'!$1:$1048576,10,FALSE) -> 0 | AM35: =SUM(N35:AL35) -> 5
A36: CHI-14901 | B36: CHI | C36: Fernando Arcaya | D36: Senior Analyst | E36: L3 | F36: Tomy Ciociola | G36: CIDA-01 | H36: CIDA-01-1 | I36: Ops | J36: BI Developer | K36: DE | L36: Venkatesh Coimbatore Kannan | N36: =VLOOKUP(C36,BigQuery!$1:$1048576,10,FALSE) -> 0 | O36: =VLOOKUP(C36,Looker!$1:$1048576,10,FALSE) -> 0 | P36: =VLOOKUP(C36,Dataflow!$1:$1048576,10,FALSE) -> 0 | Q36: =VLOOKUP(C36,Dataproc!$1:$1048576,10,FALSE) -> 0 | R36: =VLOOKUP(C36,'Google Kubernetes Engine'!$1:$1048576,10,FALSE) -> 0 | S36: =VLOOKUP(C36,'Apigee API Management'!$1:$1048576,10,FALSE) -> 0 | T36: =VLOOKUP(C36,'Cloud Run'!$1:$1048576,10,FALSE) -> 0 | U36: =VLOOKUP(C36,Workspace!$1:$1048576,10,FALSE) -> 0 | V36: =VLOOKUP(C36,'Cloud SQL'!$1:$1048576,10,FALSE) -> 0 | W36: =VLOOKUP(C36,'AlloyDB for PostgreSQL'!$1:$1048576,10,FALSE) -> 0 | X36: =VLOOKUP(C36,Spanner!$1:$1048576,10,FALSE) -> 0 | Y36: =VLOOKUP(C36,Oracle!$1:$1048576,10,FALSE) -> 0 | Z36: =VLOOKUP(C36,'Google Compute Engine'!$1:$1048576,10,FALSE) -> 0 | AA36: =VLOOKUP(C36,'Google Cloud Networking'!$1:$1048576,10,FALSE) -> 0 | AB36: =VLOOKUP(C36,'SAP on Google Cloud'!$1:$1048576,10,FALSE) -> 0 | AC36: =VLOOKUP(C36,'Google Cloud VMware Engine'!$1:$1048576,10,FALSE) -> 0 | AD36: =VLOOKUP(C36,'Google Distributed Cloud'!$1:$1048576,10,FALSE) -> 0 | AE36: =VLOOKUP(C36,'Cloud Security'!$1:$1048576,10,FALSE) -> 0 | AF36: =VLOOKUP(C36,'Security Command Center'!$1:$1048576,10,FALSE) -> 0 | AG36: =VLOOKUP(C36,'Security Operations'!$1:$1048576,10,FALSE) -> 0 | AH36: =VLOOKUP(C36,'Google Threat Intelligence'!$1:$1048576,10,FALSE) -> 0 | AI36: =VLOOKUP(C36,'Vertex AI Platform'!$1:$1048576,10,FALSE) -> 0 | AJ36: =VLOOKUP(C36,'AI Applications'!$1:$1048576,10,FALSE) -> 0 | AK36: =VLOOKUP(C36,'Gemini Enterprise'!$1:$1048576,10,FALSE) -> 0 | AL36: =VLOOKUP(C36,'Customer Engagement Suite'!$1:$1048576,10,FALSE) -> #N/A | AM36: =SUM(N36:AL36) -> #N/A
A37: CHI-15654 | B37: CHI | C37: Fernando Espinoza | D37: Senior Analyst | E37: L3 | F37: Lawrence Setien | G37: CIDA-01 | H37: CIDA-01-1 | I37: Ops | J37: Data Engineer | K37: DE | L37: Venkatesh Coimbatore Kannan | N37: =VLOOKUP(C37,BigQuery!$1:$1048576,10,FALSE) -> 20 | O37: =VLOOKUP(C37,Looker!$1:$1048576,10,FALSE) -> 0 | P37: =VLOOKUP(C37,Dataflow!$1:$1048576,10,FALSE) -> 25 | Q37: =VLOOKUP(C37,Dataproc!$1:$1048576,10,FALSE) -> 10 | R37: =VLOOKUP(C37,'Google Kubernetes Engine'!$1:$1048576,10,FALSE) -> 0 | S37: =VLOOKUP(C37,'Apigee API Management'!$1:$1048576,10,FALSE) -> 0 | T37: =VLOOKUP(C37,'Cloud Run'!$1:$1048576,10,FALSE) -> 0 | U37: =VLOOKUP(C37,Workspace!$1:$1048576,10,FALSE) -> 0 | V37: =VLOOKUP(C37,'Cloud SQL'!$1:$1048576,10,FALSE) -> 0 | W37: =VLOOKUP(C37,'AlloyDB for PostgreSQL'!$1:$1048576,10,FALSE) -> 0 | X37: =VLOOKUP(C37,Spanner!$1:$1048576,10,FALSE) -> 0 | Y37: =VLOOKUP(C37,Oracle!$1:$1048576,10,FALSE) -> 0 | Z37: =VLOOKUP(C37,'Google Compute Engine'!$1:$1048576,10,FALSE) -> 0 | AA37: =VLOOKUP(C37,'Google Cloud Networking'!$1:$1048576,10,FALSE) -> 0 | AB37: =VLOOKUP(C37,'SAP on Google Cloud'!$1:$1048576,10,FALSE) -> 0 | AC37: =VLOOKUP(C37,'Google Cloud VMware Engine'!$1:$1048576,10,FALSE) -> 0 | AD37: =VLOOKUP(C37,'Google Distributed Cloud'!$1:$1048576,10,FALSE) -> 0 | AE37: =VLOOKUP(C37,'Cloud Security'!$1:$1048576,10,FALSE) -> 0 | AF37: =VLOOKUP(C37,'Security Command Center'!$1:$1048576,10,FALSE) -> 0 | AG37: =VLOOKUP(C37,'Security Operations'!$1:$1048576,10,FALSE) -> 0 | AH37: =VLOOKUP(C37,'Google Threat Intelligence'!$1:$1048576,10,FALSE) -> 0 | AI37: =VLOOKUP(C37,'Vertex AI Platform'!$1:$1048576,10,FALSE) -> 5 | AJ37: =VLOOKUP(C37,'AI Applications'!$1:$1048576,10,FALSE) -> 0 | AK37: =VLOOKUP(C37,'Gemini Enterprise'!$1:$1048576,10,FALSE) -> 0 | AL37: =VLOOKUP(C37,'Customer Engagement Suite'!$1:$1048576,10,FALSE) -> 0 | AM37: =SUM(N37:AL37) -> 60
A38: CHI-16395 | B38: CHI | C38: Francisca Schalchli | D38: Senior Analyst | E38: L3 | F38: Diego Cordova | G38: CIDA-01 | H38: CIDA-01-1 | I38: Ops | J38: BI Developer | K38: DE | L38: Venkatesh Coimbatore Kannan | N38: =VLOOKUP(C38,BigQuery!$1:$1048576,10,FALSE) -> 0 | O38: =VLOOKUP(C38,Looker!$1:$1048576,10,FALSE) -> 0 | P38: =VLOOKUP(C38,Dataflow!$1:$1048576,10,FALSE) -> 0 | Q38: =VLOOKUP(C38,Dataproc!$1:$1048576,10,FALSE) -> 0 | R38: =VLOOKUP(C38,'Google Kubernetes Engine'!$1:$1048576,10,FALSE) -> 0 | S38: =VLOOKUP(C38,'Apigee API Management'!$1:$1048576,10,FALSE) -> 0 | T38: =VLOOKUP(C38,'Cloud Run'!$1:$1048576,10,FALSE) -> 0 | U38: =VLOOKUP(C38,Workspace!$1:$1048576,10,FALSE) -> 0 | V38: =VLOOKUP(C38,'Cloud SQL'!$1:$1048576,10,FALSE) -> 0 | W38: =VLOOKUP(C38,'AlloyDB for PostgreSQL'!$1:$1048576,10,FALSE) -> 0 | X38: =VLOOKUP(C38,Spanner!$1:$1048576,10,FALSE) -> 0 | Y38: =VLOOKUP(C38,Oracle!$1:$1048576,10,FALSE) -> 0 | Z38: =VLOOKUP(C38,'Google Compute Engine'!$1:$1048576,10,FALSE) -> 0 | AA38: =VLOOKUP(C38,'Google Cloud Networking'!$1:$1048576,10,FALSE) -> 0 | AB38: =VLOOKUP(C38,'SAP on Google Cloud'!$1:$1048576,10,FALSE) -> 0 | AC38: =VLOOKUP(C38,'Google Cloud VMware Engine'!$1:$1048576,10,FALSE) -> 0 | AD38: =VLOOKUP(C38,'Google Distributed Cloud'!$1:$1048576,10,FALSE) -> 0 | AE38: =VLOOKUP(C38,'Cloud Security'!$1:$1048576,10,FALSE) -> 0 | AF38: =VLOOKUP(C38,'Security Command Center'!$1:$1048576,10,FALSE) -> 0 | AG38: =VLOOKUP(C38,'Security Operations'!$1:$1048576,10,FALSE) -> 0 | AH38: =VLOOKUP(C38,'Google Threat Intelligence'!$1:$1048576,10,FALSE) -> 0 | AI38: =VLOOKUP(C38,'Vertex AI Platform'!$1:$1048576,10,FALSE) -> 0 | AJ38: =VLOOKUP(C38,'AI Applications'!$1:$1048576,10,FALSE) -> 0 | AK38: =VLOOKUP(C38,'Gemini Enterprise'!$1:$1048576,10,FALSE) -> 0 | AL38: =VLOOKUP(C38,'Customer Engagement Suite'!$1:$1048576,10,FALSE) -> #N/A | AM38: =SUM(N38:AL38) -> #N/A
A39: CHI-10770 | B39: CHI | C39: Francisco Lillo | D39: Senior Consultant | E39: L5 | F39: Daniel Gatica | G39: CIDA-01 | H39: CIDA-01-1 | I39: Ops | J39: Digital analyst | K39: DE | L39: Venkatesh Coimbatore Kannan | N39: =VLOOKUP(C39,BigQuery!$1:$1048576,10,FALSE) -> 0 | O39: =VLOOKUP(C39,Looker!$1:$1048576,10,FALSE) -> 0 | P39: =VLOOKUP(C39,Dataflow!$1:$1048576,10,FALSE) -> 0 | Q39: =VLOOKUP(C39,Dataproc!$1:$1048576,10,FALSE) -> 0 | R39: =VLOOKUP(C39,'Google Kubernetes Engine'!$1:$1048576,10,FALSE) -> 0 | S39: =VLOOKUP(C39,'Apigee API Management'!$1:$1048576,10,FALSE) -> 0 | T39: =VLOOKUP(C39,'Cloud Run'!$1:$1048576,10,FALSE) -> 0 | U39: =VLOOKUP(C39,Workspace!$1:$1048576,10,FALSE) -> 0 | V39: =VLOOKUP(C39,'Cloud SQL'!$1:$1048576,10,FALSE) -> 0 | W39: =VLOOKUP(C39,'AlloyDB for PostgreSQL'!$1:$1048576,10,FALSE) -> 0 | X39: =VLOOKUP(C39,Spanner!$1:$1048576,10,FALSE) -> 0 | Y39: =VLOOKUP(C39,Oracle!$1:$1048576,10,FALSE) -> 0 | Z39: =VLOOKUP(C39,'Google Compute Engine'!$1:$1048576,10,FALSE) -> 0 | AA39: =VLOOKUP(C39,'Google Cloud Networking'!$1:$1048576,10,FALSE) -> 0 | AB39: =VLOOKUP(C39,'SAP on Google Cloud'!$1:$1048576,10,FALSE) -> 0 | AC39: =VLOOKUP(C39,'Google Cloud VMware Engine'!$1:$1048576,10,FALSE) -> 0 | AD39: =VLOOKUP(C39,'Google Distributed Cloud'!$1:$1048576,10,FALSE) -> 0 | AE39: =VLOOKUP(C39,'Cloud Security'!$1:$1048576,10,FALSE) -> 0 | AF39: =VLOOKUP(C39,'Security Command Center'!$1:$1048576,10,FALSE) -> 0 | AG39: =VLOOKUP(C39,'Security Operations'!$1:$1048576,10,FALSE) -> 0 | AH39: =VLOOKUP(C39,'Google Threat Intelligence'!$1:$1048576,10,FALSE) -> 0 | AI39: =VLOOKUP(C39,'Vertex AI Platform'!$1:$1048576,10,FALSE) -> 0 | AJ39: =VLOOKUP(C39,'AI Applications'!$1:$1048576,10,FALSE) -> 0 | AK39: =VLOOKUP(C39,'Gemini Enterprise'!$1:$1048576,10,FALSE) -> 0 | AL39: =VLOOKUP(C39,'Customer Engagement Suite'!$1:$1048576,10,FALSE) -> 0 | AM39: =SUM(N39:AL39) -> 0
A40: CHI-18925 | B40: CHI | C40: Fuad Onate | D40: Senior Analyst | E40: L3 | F40: Marcelo Pimentel | G40: CIDA-01 | H40: CIDA-01-1 | I40: Ops | J40: Data Engineer | K40: DE | L40: Venkatesh Coimbatore Kannan | N40: =VLOOKUP(C40,BigQuery!$1:$1048576,10,FALSE) -> 0 | O40: =VLOOKUP(C40,Looker!$1:$1048576,10,FALSE) -> 0 | P40: =VLOOKUP(C40,Dataflow!$1:$1048576,10,FALSE) -> 5 | Q40: =VLOOKUP(C40,Dataproc!$1:$1048576,10,FALSE) -> 0 | R40: =VLOOKUP(C40,'Google Kubernetes Engine'!$1:$1048576,10,FALSE) -> 0 | S40: =VLOOKUP(C40,'Apigee API Management'!$1:$1048576,10,FALSE) -> 0 | T40: =VLOOKUP(C40,'Cloud Run'!$1:$1048576,10,FALSE) -> 0 | U40: =VLOOKUP(C40,Workspace!$1:$1048576,10,FALSE) -> 0 | V40: =VLOOKUP(C40,'Cloud SQL'!$1:$1048576,10,FALSE) -> 0 | W40: =VLOOKUP(C40,'AlloyDB for PostgreSQL'!$1:$1048576,10,FALSE) -> 0 | X40: =VLOOKUP(C40,Spanner!$1:$1048576,10,FALSE) -> 0 | Y40: =VLOOKUP(C40,Oracle!$1:$1048576,10,FALSE) -> 0 | Z40: =VLOOKUP(C40,'Google Compute Engine'!$1:$1048576,10,FALSE) -> 0 | AA40: =VLOOKUP(C40,'Google Cloud Networking'!$1:$1048576,10,FALSE) -> 0 | AB40: =VLOOKUP(C40,'SAP on Google Cloud'!$1:$1048576,10,FALSE) -> 0 | AC40: =VLOOKUP(C40,'Google Cloud VMware Engine'!$1:$1048576,10,FALSE) -> 0 | AD40: =VLOOKUP(C40,'Google Distributed Cloud'!$1:$1048576,10,FALSE) -> 0 | AE40: =VLOOKUP(C40,'Cloud Security'!$1:$1048576,10,FALSE) -> 0 | AF40: =VLOOKUP(C40,'Security Command Center'!$1:$1048576,10,FALSE) -> 0 | AG40: =VLOOKUP(C40,'Security Operations'!$1:$1048576,10,FALSE) -> 0 | AH40: =VLOOKUP(C40,'Google Threat Intelligence'!$1:$1048576,10,FALSE) -> 0 | AI40: =VLOOKUP(C40,'Vertex AI Platform'!$1:$1048576,10,FALSE) -> 0 | AJ40: =VLOOKUP(C40,'AI Applications'!$1:$1048576,10,FALSE) -> 0 | AK40: =VLOOKUP(C40,'Gemini Enterprise'!$1:$1048576,10,FALSE) -> 0 | AL40: =VLOOKUP(C40,'Customer Engagement Suite'!$1:$1048576,10,FALSE) -> 0 | AM40: =SUM(N40:AL40) -> 5
A41: CHI-13871 | B41: CHI | C41: Gabriel Gajardo | D41: Senior Consultant | E41: L5 | F41: Diego Cordova | G41: CIDA-01 | H41: CIDA-01-1 | I41: Ops | J41: BI Developer | K41: DE | L41: Venkatesh Coimbatore Kannan | N41: =VLOOKUP(C41,BigQuery!$1:$1048576,10,FALSE) -> 0 | O41: =VLOOKUP(C41,Looker!$1:$1048576,10,FALSE) -> 0 | P41: =VLOOKUP(C41,Dataflow!$1:$1048576,10,FALSE) -> 0 | Q41: =VLOOKUP(C41,Dataproc!$1:$1048576,10,FALSE) -> 0 | R41: =VLOOKUP(C41,'Google Kubernetes Engine'!$1:$1048576,10,FALSE) -> 0 | S41: =VLOOKUP(C41,'Apigee API Management'!$1:$1048576,10,FALSE) -> 0 | T41: =VLOOKUP(C41,'Cloud Run'!$1:$1048576,10,FALSE) -> 0 | U41: =VLOOKUP(C41,Workspace!$1:$1048576,10,FALSE) -> 0 | V41: =VLOOKUP(C41,'Cloud SQL'!$1:$1048576,10,FALSE) -> 0 | W41: =VLOOKUP(C41,'AlloyDB for PostgreSQL'!$1:$1048576,10,FALSE) -> 0 | X41: =VLOOKUP(C41,Spanner!$1:$1048576,10,FALSE) -> 0 | Y41: =VLOOKUP(C41,Oracle!$1:$1048576,10,FALSE) -> 0 | Z41: =VLOOKUP(C41,'Google Compute Engine'!$1:$1048576,10,FALSE) -> 0 | AA41: =VLOOKUP(C41,'Google Cloud Networking'!$1:$1048576,10,FALSE) -> 0 | AB41: =VLOOKUP(C41,'SAP on Google Cloud'!$1:$1048576,10,FALSE) -> 0 | AC41: =VLOOKUP(C41,'Google Cloud VMware Engine'!$1:$1048576,10,FALSE) -> 0 | AD41: =VLOOKUP(C41,'Google Distributed Cloud'!$1:$1048576,10,FALSE) -> 0 | AE41: =VLOOKUP(C41,'Cloud Security'!$1:$1048576,10,FALSE) -> 0 | AF41: =VLOOKUP(C41,'Security Command Center'!$1:$1048576,10,FALSE) -> 0 | AG41: =VLOOKUP(C41,'Security Operations'!$1:$1048576,10,FALSE) -> 0 | AH41: =VLOOKUP(C41,'Google Threat Intelligence'!$1:$1048576,10,FALSE) -> 0 | AI41: =VLOOKUP(C41,'Vertex AI Platform'!$1:$1048576,10,FALSE) -> 0 | AJ41: =VLOOKUP(C41,'AI Applications'!$1:$1048576,10,FALSE) -> 0 | AK41: =VLOOKUP(C41,'Gemini Enterprise'!$1:$1048576,10,FALSE) -> 0 | AL41: =VLOOKUP(C41,'Customer Engagement Suite'!$1:$1048576,10,FALSE) -> 0 | AM41: =SUM(N41:AL41) -> 0
A42: CHI-20617 | B42: CHI | C42: Gregory Casanova | D42: Engineer | E42: L2 | F42: Orlando Patino | G42: CIDA-01 | H42: CIDA-01-6 | I42: Ops | J42: Full Stack Developer | K42: SD | L42: Walter Paredes | M42: Professional Cloud Developer | N42: =VLOOKUP(C42,BigQuery!$1:$1048576,10,FALSE) -> 0 | O42: =VLOOKUP(C42,Looker!$1:$1048576,10,FALSE) -> 0 | P42: =VLOOKUP(C42,Dataflow!$1:$1048576,10,FALSE) -> 0 | Q42: =VLOOKUP(C42,Dataproc!$1:$1048576,10,FALSE) -> 0 | R42: =VLOOKUP(C42,'Google Kubernetes Engine'!$1:$1048576,10,FALSE) -> 10 | S42: =VLOOKUP(C42,'Apigee API Management'!$1:$1048576,10,FALSE) -> 0 | T42: =VLOOKUP(C42,'Cloud Run'!$1:$1048576,10,FALSE) -> 20 | U42: =VLOOKUP(C42,Workspace!$1:$1048576,10,FALSE) -> 0 | V42: =VLOOKUP(C42,'Cloud SQL'!$1:$1048576,10,FALSE) -> 5 | W42: =VLOOKUP(C42,'AlloyDB for PostgreSQL'!$1:$1048576,10,FALSE) -> 0 | X42: =VLOOKUP(C42,Spanner!$1:$1048576,10,FALSE) -> 0 | Y42: =VLOOKUP(C42,Oracle!$1:$1048576,10,FALSE) -> 0 | Z42: =VLOOKUP(C42,'Google Compute Engine'!$1:$1048576,10,FALSE) -> 0 | AA42: =VLOOKUP(C42,'Google Cloud Networking'!$1:$1048576,10,FALSE) -> 0 | AB42: =VLOOKUP(C42,'SAP on Google Cloud'!$1:$1048576,10,FALSE) -> 0 | AC42: =VLOOKUP(C42,'Google Cloud VMware Engine'!$1:$1048576,10,FALSE) -> 0 | AD42: =VLOOKUP(C42,'Google Distributed Cloud'!$1:$1048576,10,FALSE) -> 0 | AE42: =VLOOKUP(C42,'Cloud Security'!$1:$1048576,10,FALSE) -> 0 | AF42: =VLOOKUP(C42,'Security Command Center'!$1:$1048576,10,FALSE) -> 0 | AG42: =VLOOKUP(C42,'Security Operations'!$1:$1048576,10,FALSE) -> 0 | AH42: =VLOOKUP(C42,'Google Threat Intelligence'!$1:$1048576,10,FALSE) -> 0 | AI42: =VLOOKUP(C42,'Vertex AI Platform'!$1:$1048576,10,FALSE) -> 0 | AJ42: =VLOOKUP(C42,'AI Applications'!$1:$1048576,10,FALSE) -> 0 | AK42: =VLOOKUP(C42,'Gemini Enterprise'!$1:$1048576,10,FALSE) -> 0 | AL42: =VLOOKUP(C42,'Customer Engagement Suite'!$1:$1048576,10,FALSE) -> 0 | AM42: =SUM(N42:AL42) -> 35
A43: CHI-21550 | B43: CHI | C43: Igor Wilk | D43: Senior Consultant | E43: L5 | F43: Nishant Saxena | G43: CIDA-01 | H43: CIDA-01-3 | I43: Ops | J43: BI Developer | K43: DM | L43: Nishant Saxena | N43: =VLOOKUP(C43,BigQuery!$1:$1048576,10,FALSE) -> 23 | O43: =VLOOKUP(C43,Looker!$1:$1048576,10,FALSE) -> 8 | P43: =VLOOKUP(C43,Dataflow!$1:$1048576,10,FALSE) -> 13 | Q43: =VLOOKUP(C43,Dataproc!$1:$1048576,10,FALSE) -> 8 | R43: =VLOOKUP(C43,'Google Kubernetes Engine'!$1:$1048576,10,FALSE) -> 0 | S43: =VLOOKUP(C43,'Apigee API Management'!$1:$1048576,10,FALSE) -> 0 | T43: =VLOOKUP(C43,'Cloud Run'!$1:$1048576,10,FALSE) -> 0 | U43: =VLOOKUP(C43,Workspace!$1:$1048576,10,FALSE) -> 0 | V43: =VLOOKUP(C43,'Cloud SQL'!$1:$1048576,10,FALSE) -> 0 | W43: =VLOOKUP(C43,'AlloyDB for PostgreSQL'!$1:$1048576,10,FALSE) -> 0 | X43: =VLOOKUP(C43,Spanner!$1:$1048576,10,FALSE) -> 0 | Y43: =VLOOKUP(C43,Oracle!$1:$1048576,10,FALSE) -> 0 | Z43: =VLOOKUP(C43,'Google Compute Engine'!$1:$1048576,10,FALSE) -> 0 | AA43: =VLOOKUP(C43,'Google Cloud Networking'!$1:$1048576,10,FALSE) -> 0 | AB43: =VLOOKUP(C43,'SAP on Google Cloud'!$1:$1048576,10,FALSE) -> 0 | AC43: =VLOOKUP(C43,'Google Cloud VMware Engine'!$1:$1048576,10,FALSE) -> 0 | AD43: =VLOOKUP(C43,'Google Distributed Cloud'!$1:$1048576,10,FALSE) -> 0 | AE43: =VLOOKUP(C43,'Cloud Security'!$1:$1048576,10,FALSE) -> 0 | AF43: =VLOOKUP(C43,'Security Command Center'!$1:$1048576,10,FALSE) -> 0 | AG43: =VLOOKUP(C43,'Security Operations'!$1:$1048576,10,FALSE) -> 0 | AH43: =VLOOKUP(C43,'Google Threat Intelligence'!$1:$1048576,10,FALSE) -> 0 | AI43: =VLOOKUP(C43,'Vertex AI Platform'!$1:$1048576,10,FALSE) -> 23 | AJ43: =VLOOKUP(C43,'AI Applications'!$1:$1048576,10,FALSE) -> 0 | AK43: =VLOOKUP(C43,'Gemini Enterprise'!$1:$1048576,10,FALSE) -> 0 | AL43: =VLOOKUP(C43,'Customer Engagement Suite'!$1:$1048576,10,FALSE) -> 0 | AM43: =SUM(N43:AL43) -> 75
A44: CHI-17262 | B44: CHI | C44: Ivo Carvallo | D44: Senior Analyst | E44: L3 | F44: Esteban Torres | G44: CIDA-01 | H44: CIDA-01-4 | I44: Ops | J44: BI Developer | K44: BI | L44: Walter Paredes | N44: =VLOOKUP(C44,BigQuery!$1:$1048576,10,FALSE) -> 5 | O44: =VLOOKUP(C44,Looker!$1:$1048576,10,FALSE) -> 5 | P44: =VLOOKUP(C44,Dataflow!$1:$1048576,10,FALSE) -> 0 | Q44: =VLOOKUP(C44,Dataproc!$1:$1048576,10,FALSE) -> 0 | R44: =VLOOKUP(C44,'Google Kubernetes Engine'!$1:$1048576,10,FALSE) -> 0 | S44: =VLOOKUP(C44,'Apigee API Management'!$1:$1048576,10,FALSE) -> 0 | T44: =VLOOKUP(C44,'Cloud Run'!$1:$1048576,10,FALSE) -> 0 | U44: =VLOOKUP(C44,Workspace!$1:$1048576,10,FALSE) -> 0 | V44: =VLOOKUP(C44,'Cloud SQL'!$1:$1048576,10,FALSE) -> 0 | W44: =VLOOKUP(C44,'AlloyDB for PostgreSQL'!$1:$1048576,10,FALSE) -> 0 | X44: =VLOOKUP(C44,Spanner!$1:$1048576,10,FALSE) -> 0 | Y44: =VLOOKUP(C44,Oracle!$1:$1048576,10,FALSE) -> 0 | Z44: =VLOOKUP(C44,'Google Compute Engine'!$1:$1048576,10,FALSE) -> 0 | AA44: =VLOOKUP(C44,'Google Cloud Networking'!$1:$1048576,10,FALSE) -> 0 | AB44: =VLOOKUP(C44,'SAP on Google Cloud'!$1:$1048576,10,FALSE) -> 0 | AC44: =VLOOKUP(C44,'Google Cloud VMware Engine'!$1:$1048576,10,FALSE) -> 0 | AD44: =VLOOKUP(C44,'Google Distributed Cloud'!$1:$1048576,10,FALSE) -> 0 | AE44: =VLOOKUP(C44,'Cloud Security'!$1:$1048576,10,FALSE) -> 0 | AF44: =VLOOKUP(C44,'Security Command Center'!$1:$1048576,10,FALSE) -> 0 | AG44: =VLOOKUP(C44,'Security Operations'!$1:$1048576,10,FALSE) -> 0 | AH44: =VLOOKUP(C44,'Google Threat Intelligence'!$1:$1048576,10,FALSE) -> 0 | AI44: =VLOOKUP(C44,'Vertex AI Platform'!$1:$1048576,10,FALSE) -> 0 | AJ44: =VLOOKUP(C44,'AI Applications'!$1:$1048576,10,FALSE) -> 0 | AK44: =VLOOKUP(C44,'Gemini Enterprise'!$1:$1048576,10,FALSE) -> 0 | AL44: =VLOOKUP(C44,'Customer Engagement Suite'!$1:$1048576,10,FALSE) -> 0 | AM44: =SUM(N44:AL44) -> 10
A45: CAN-20911 | B45: CAN | C45: Jatin Narula | D45: Principal Consultant | E45: L6 | F45: Nishant Saxena | G45: CIDA-05 | H45: CIDA-05-3 | I45: Ops | J45: Data Scientist | K45: DM | L45: Nishant Saxena | N45: =VLOOKUP(C45,BigQuery!$1:$1048576,10,FALSE) -> 0 | O45: =VLOOKUP(C45,Looker!$1:$1048576,10,FALSE) -> 0 | P45: =VLOOKUP(C45,Dataflow!$1:$1048576,10,FALSE) -> 0 | Q45: =VLOOKUP(C45,Dataproc!$1:$1048576,10,FALSE) -> 0 | R45: =VLOOKUP(C45,'Google Kubernetes Engine'!$1:$1048576,10,FALSE) -> 0 | S45: =VLOOKUP(C45,'Apigee API Management'!$1:$1048576,10,FALSE) -> 0 | T45: =VLOOKUP(C45,'Cloud Run'!$1:$1048576,10,FALSE) -> 0 | U45: =VLOOKUP(C45,Workspace!$1:$1048576,10,FALSE) -> 0 | V45: =VLOOKUP(C45,'Cloud SQL'!$1:$1048576,10,FALSE) -> 0 | W45: =VLOOKUP(C45,'AlloyDB for PostgreSQL'!$1:$1048576,10,FALSE) -> 0 | X45: =VLOOKUP(C45,Spanner!$1:$1048576,10,FALSE) -> 0 | Y45: =VLOOKUP(C45,Oracle!$1:$1048576,10,FALSE) -> 0 | Z45: =VLOOKUP(C45,'Google Compute Engine'!$1:$1048576,10,FALSE) -> 0 | AA45: =VLOOKUP(C45,'Google Cloud Networking'!$1:$1048576,10,FALSE) -> 0 | AB45: =VLOOKUP(C45,'SAP on Google Cloud'!$1:$1048576,10,FALSE) -> 0 | AC45: =VLOOKUP(C45,'Google Cloud VMware Engine'!$1:$1048576,10,FALSE) -> 0 | AD45: =VLOOKUP(C45,'Google Distributed Cloud'!$1:$1048576,10,FALSE) -> 0 | AE45: =VLOOKUP(C45,'Cloud Security'!$1:$1048576,10,FALSE) -> 0 | AF45: =VLOOKUP(C45,'Security Command Center'!$1:$1048576,10,FALSE) -> 0 | AG45: =VLOOKUP(C45,'Security Operations'!$1:$1048576,10,FALSE) -> 0 | AH45: =VLOOKUP(C45,'Google Threat Intelligence'!$1:$1048576,10,FALSE) -> 0 | AI45: =VLOOKUP(C45,'Vertex AI Platform'!$1:$1048576,10,FALSE) -> 0 | AJ45: =VLOOKUP(C45,'AI Applications'!$1:$1048576,10,FALSE) -> 0 | AK45: =VLOOKUP(C45,'Gemini Enterprise'!$1:$1048576,10,FALSE) -> 0 | AL45: =VLOOKUP(C45,'Customer Engagement Suite'!$1:$1048576,10,FALSE) -> 0 | AM45: =SUM(N45:AL45) -> 0
A46: INC-24353 | B46: INC | C46: Jedidiah Samuel Chung | D46: Junior Analyst | E46: L1 | F46: Duwage Gunasekara | G46: CIDA-05 | H46: CIDA-05-2 | I46: Ops | J46: Data Scientist | K46: DS | L46: Rajat Singh | N46: =VLOOKUP(C46,BigQuery!$1:$1048576,10,FALSE) -> #N/A | O46: =VLOOKUP(C46,Looker!$1:$1048576,10,FALSE) -> #N/A | P46: =VLOOKUP(C46,Dataflow!$1:$1048576,10,FALSE) -> #N/A | Q46: =VLOOKUP(C46,Dataproc!$1:$1048576,10,FALSE) -> #N/A | R46: =VLOOKUP(C46,'Google Kubernetes Engine'!$1:$1048576,10,FALSE) -> #N/A | S46: =VLOOKUP(C46,'Apigee API Management'!$1:$1048576,10,FALSE) -> #N/A | T46: =VLOOKUP(C46,'Cloud Run'!$1:$1048576,10,FALSE) -> #N/A | U46: =VLOOKUP(C46,Workspace!$1:$1048576,10,FALSE) -> #N/A | V46: =VLOOKUP(C46,'Cloud SQL'!$1:$1048576,10,FALSE) -> #N/A | W46: =VLOOKUP(C46,'AlloyDB for PostgreSQL'!$1:$1048576,10,FALSE) -> #N/A | X46: =VLOOKUP(C46,Spanner!$1:$1048576,10,FALSE) -> #N/A | Y46: =VLOOKUP(C46,Oracle!$1:$1048576,10,FALSE) -> #N/A | Z46: =VLOOKUP(C46,'Google Compute Engine'!$1:$1048576,10,FALSE) -> #N/A | AA46: =VLOOKUP(C46,'Google Cloud Networking'!$1:$1048576,10,FALSE) -> #N/A | AB46: =VLOOKUP(C46,'SAP on Google Cloud'!$1:$1048576,10,FALSE) -> #N/A | AC46: =VLOOKUP(C46,'Google Cloud VMware Engine'!$1:$1048576,10,FALSE) -> #N/A | AD46: =VLOOKUP(C46,'Google Distributed Cloud'!$1:$1048576,10,FALSE) -> #N/A | AE46: =VLOOKUP(C46,'Cloud Security'!$1:$1048576,10,FALSE) -> #N/A | AF46: =VLOOKUP(C46,'Security Command Center'!$1:$1048576,10,FALSE) -> #N/A | AG46: =VLOOKUP(C46,'Security Operations'!$1:$1048576,10,FALSE) -> #N/A | AH46: =VLOOKUP(C46,'Google Threat Intelligence'!$1:$1048576,10,FALSE) -> #N/A | AI46: =VLOOKUP(C46,'Vertex AI Platform'!$1:$1048576,10,FALSE) -> #N/A | AJ46: =VLOOKUP(C46,'AI Applications'!$1:$1048576,10,FALSE) -> #N/A | AK46: =VLOOKUP(C46,'Gemini Enterprise'!$1:$1048576,10,FALSE) -> #N/A | AL46: =VLOOKUP(C46,'Customer Engagement Suite'!$1:$1048576,10,FALSE) -> #N/A | AM46: =SUM(N46:AL46) -> #N/A
A47: CHI-22715 | B47: CHI | C47: Joao Ferraz Villela | D47: Senior Consultant | E47: L5 | F47: Nishant Saxena | G47: CIDA-01 | H47: CIDA-01-3 | I47: Ops | J47: Digital analyst | K47: DM | L47: Nishant Saxena | N47: =VLOOKUP(C47,BigQuery!$1:$1048576,10,FALSE) -> 5 | O47: =VLOOKUP(C47,Looker!$1:$1048576,10,FALSE) -> 0 | P47: =VLOOKUP(C47,Dataflow!$1:$1048576,10,FALSE) -> 10 | Q47: =VLOOKUP(C47,Dataproc!$1:$1048576,10,FALSE) -> 0 | R47: =VLOOKUP(C47,'Google Kubernetes Engine'!$1:$1048576,10,FALSE) -> 0 | S47: =VLOOKUP(C47,'Apigee API Management'!$1:$1048576,10,FALSE) -> 0 | T47: =VLOOKUP(C47,'Cloud Run'!$1:$1048576,10,FALSE) -> 0 | U47: =VLOOKUP(C47,Workspace!$1:$1048576,10,FALSE) -> 0 | V47: =VLOOKUP(C47,'Cloud SQL'!$1:$1048576,10,FALSE) -> 0 | W47: =VLOOKUP(C47,'AlloyDB for PostgreSQL'!$1:$1048576,10,FALSE) -> 0 | X47: =VLOOKUP(C47,Spanner!$1:$1048576,10,FALSE) -> 0 | Y47: =VLOOKUP(C47,Oracle!$1:$1048576,10,FALSE) -> 0 | Z47: =VLOOKUP(C47,'Google Compute Engine'!$1:$1048576,10,FALSE) -> 0 | AA47: =VLOOKUP(C47,'Google Cloud Networking'!$1:$1048576,10,FALSE) -> 0 | AB47: =VLOOKUP(C47,'SAP on Google Cloud'!$1:$1048576,10,FALSE) -> 0 | AC47: =VLOOKUP(C47,'Google Cloud VMware Engine'!$1:$1048576,10,FALSE) -> 0 | AD47: =VLOOKUP(C47,'Google Distributed Cloud'!$1:$1048576,10,FALSE) -> 0 | AE47: =VLOOKUP(C47,'Cloud Security'!$1:$1048576,10,FALSE) -> 0 | AF47: =VLOOKUP(C47,'Security Command Center'!$1:$1048576,10,FALSE) -> 0 | AG47: =VLOOKUP(C47,'Security Operations'!$1:$1048576,10,FALSE) -> 0 | AH47: =VLOOKUP(C47,'Google Threat Intelligence'!$1:$1048576,10,FALSE) -> 0 | AI47: =VLOOKUP(C47,'Vertex AI Platform'!$1:$1048576,10,FALSE) -> 10 | AJ47: =VLOOKUP(C47,'AI Applications'!$1:$1048576,10,FALSE) -> 0 | AK47: =VLOOKUP(C47,'Gemini Enterprise'!$1:$1048576,10,FALSE) -> 0 | AL47: =VLOOKUP(C47,'Customer Engagement Suite'!$1:$1048576,10,FALSE) -> 0 | AM47: =SUM(N47:AL47) -> 25
A48: CHI-21302 | B48: CHI | C48: Jordi Silva Muñoz | D48: Analyst | E48: L2 | F48: Diego Cordova | G48: CIDA-01 | H48: CIDA-01-3 | I48: Ops | J48: BI Developer | K48: DM | L48: Nishant Saxena | N48: =VLOOKUP(C48,BigQuery!$1:$1048576,10,FALSE) -> 0 | O48: =VLOOKUP(C48,Looker!$1:$1048576,10,FALSE) -> 0 | P48: =VLOOKUP(C48,Dataflow!$1:$1048576,10,FALSE) -> 0 | Q48: =VLOOKUP(C48,Dataproc!$1:$1048576,10,FALSE) -> 0 | R48: =VLOOKUP(C48,'Google Kubernetes Engine'!$1:$1048576,10,FALSE) -> 0 | S48: =VLOOKUP(C48,'Apigee API Management'!$1:$1048576,10,FALSE) -> 0 | T48: =VLOOKUP(C48,'Cloud Run'!$1:$1048576,10,FALSE) -> 0 | U48: =VLOOKUP(C48,Workspace!$1:$1048576,10,FALSE) -> 0 | V48: =VLOOKUP(C48,'Cloud SQL'!$1:$1048576,10,FALSE) -> 0 | W48: =VLOOKUP(C48,'AlloyDB for PostgreSQL'!$1:$1048576,10,FALSE) -> 0 | X48: =VLOOKUP(C48,Spanner!$1:$1048576,10,FALSE) -> 0 | Y48: =VLOOKUP(C48,Oracle!$1:$1048576,10,FALSE) -> 0 | Z48: =VLOOKUP(C48,'Google Compute Engine'!$1:$1048576,10,FALSE) -> 0 | AA48: =VLOOKUP(C48,'Google Cloud Networking'!$1:$1048576,10,FALSE) -> 0 | AB48: =VLOOKUP(C48,'SAP on Google Cloud'!$1:$1048576,10,FALSE) -> 0 | AC48: =VLOOKUP(C48,'Google Cloud VMware Engine'!$1:$1048576,10,FALSE) -> 0 | AD48: =VLOOKUP(C48,'Google Distributed Cloud'!$1:$1048576,10,FALSE) -> 0 | AE48: =VLOOKUP(C48,'Cloud Security'!$1:$1048576,10,FALSE) -> 0 | AF48: =VLOOKUP(C48,'Security Command Center'!$1:$1048576,10,FALSE) -> 0 | AG48: =VLOOKUP(C48,'Security Operations'!$1:$1048576,10,FALSE) -> 0 | AH48: =VLOOKUP(C48,'Google Threat Intelligence'!$1:$1048576,10,FALSE) -> 0 | AI48: =VLOOKUP(C48,'Vertex AI Platform'!$1:$1048576,10,FALSE) -> 0 | AJ48: =VLOOKUP(C48,'AI Applications'!$1:$1048576,10,FALSE) -> 0 | AK48: =VLOOKUP(C48,'Gemini Enterprise'!$1:$1048576,10,FALSE) -> 0 | AL48: =VLOOKUP(C48,'Customer Engagement Suite'!$1:$1048576,10,FALSE) -> 0 | AM48: =SUM(N48:AL48) -> 0
A49: CHI-14991 | B49: CHI | C49: Jorge Orrego | D49: Consultant | E49: L4 | F49: Diego Cordova | G49: CIDA-01 | H49: CIDA-01-1 | I49: Ops | J49: BI Developer | K49: DE | L49: Venkatesh Coimbatore Kannan | N49: =VLOOKUP(C49,BigQuery!$1:$1048576,10,FALSE) -> 0 | O49: =VLOOKUP(C49,Looker!$1:$1048576,10,FALSE) -> 0 | P49: =VLOOKUP(C49,Dataflow!$1:$1048576,10,FALSE) -> 0 | Q49: =VLOOKUP(C49,Dataproc!$1:$1048576,10,FALSE) -> 0 | R49: =VLOOKUP(C49,'Google Kubernetes Engine'!$1:$1048576,10,FALSE) -> 0 | S49: =VLOOKUP(C49,'Apigee API Management'!$1:$1048576,10,FALSE) -> 0 | T49: =VLOOKUP(C49,'Cloud Run'!$1:$1048576,10,FALSE) -> 0 | U49: =VLOOKUP(C49,Workspace!$1:$1048576,10,FALSE) -> 0 | V49: =VLOOKUP(C49,'Cloud SQL'!$1:$1048576,10,FALSE) -> 0 | W49: =VLOOKUP(C49,'AlloyDB for PostgreSQL'!$1:$1048576,10,FALSE) -> 0 | X49: =VLOOKUP(C49,Spanner!$1:$1048576,10,FALSE) -> 0 | Y49: =VLOOKUP(C49,Oracle!$1:$1048576,10,FALSE) -> 0 | Z49: =VLOOKUP(C49,'Google Compute Engine'!$1:$1048576,10,FALSE) -> 0 | AA49: =VLOOKUP(C49,'Google Cloud Networking'!$1:$1048576,10,FALSE) -> 0 | AB49: =VLOOKUP(C49,'SAP on Google Cloud'!$1:$1048576,10,FALSE) -> 0 | AC49: =VLOOKUP(C49,'Google Cloud VMware Engine'!$1:$1048576,10,FALSE) -> 0 | AD49: =VLOOKUP(C49,'Google Distributed Cloud'!$1:$1048576,10,FALSE) -> 0 | AE49: =VLOOKUP(C49,'Cloud Security'!$1:$1048576,10,FALSE) -> 0 | AF49: =VLOOKUP(C49,'Security Command Center'!$1:$1048576,10,FALSE) -> 0 | AG49: =VLOOKUP(C49,'Security Operations'!$1:$1048576,10,FALSE) -> 0 | AH49: =VLOOKUP(C49,'Google Threat Intelligence'!$1:$1048576,10,FALSE) -> 0 | AI49: =VLOOKUP(C49,'Vertex AI Platform'!$1:$1048576,10,FALSE) -> 0 | AJ49: =VLOOKUP(C49,'AI Applications'!$1:$1048576,10,FALSE) -> 0 | AK49: =VLOOKUP(C49,'Gemini Enterprise'!$1:$1048576,10,FALSE) -> 0 | AL49: =VLOOKUP(C49,'Customer Engagement Suite'!$1:$1048576,10,FALSE) -> #N/A | AM49: =SUM(N49:AL49) -> #N/A
A50: CHI-12362 | B50: CHI | C50: Jorge Ponce | D50: Principal Consultant | E50: L6 | F50: Walter Paredes | G50: CIDA-01 | H50: CIDA-01-6 | I50: Ops | J50: Project Manager | K50: SD | L50: Walter Paredes | M50: Cloud Digital Leader | N50: =VLOOKUP(C50,BigQuery!$1:$1048576,10,FALSE) -> #N/A | O50: =VLOOKUP(C50,Looker!$1:$1048576,10,FALSE) -> #N/A | P50: =VLOOKUP(C50,Dataflow!$1:$1048576,10,FALSE) -> #N/A | Q50: =VLOOKUP(C50,Dataproc!$1:$1048576,10,FALSE) -> #N/A | R50: =VLOOKUP(C50,'Google Kubernetes Engine'!$1:$1048576,10,FALSE) -> #N/A | S50: =VLOOKUP(C50,'Apigee API Management'!$1:$1048576,10,FALSE) -> #N/A | T50: =VLOOKUP(C50,'Cloud Run'!$1:$1048576,10,FALSE) -> #N/A | U50: =VLOOKUP(C50,Workspace!$1:$1048576,10,FALSE) -> #N/A | V50: =VLOOKUP(C50,'Cloud SQL'!$1:$1048576,10,FALSE) -> #N/A | W50: =VLOOKUP(C50,'AlloyDB for PostgreSQL'!$1:$1048576,10,FALSE) -> #N/A | X50: =VLOOKUP(C50,Spanner!$1:$1048576,10,FALSE) -> #N/A | Y50: =VLOOKUP(C50,Oracle!$1:$1048576,10,FALSE) -> #N/A | Z50: =VLOOKUP(C50,'Google Compute Engine'!$1:$1048576,10,FALSE) -> #N/A | AA50: =VLOOKUP(C50,'Google Cloud Networking'!$1:$1048576,10,FALSE) -> #N/A | AB50: =VLOOKUP(C50,'SAP on Google Cloud'!$1:$1048576,10,FALSE) -> #N/A | AC50: =VLOOKUP(C50,'Google Cloud VMware Engine'!$1:$1048576,10,FALSE) -> #N/A | AD50: =VLOOKUP(C50,'Google Distributed Cloud'!$1:$1048576,10,FALSE) -> #N/A | AE50: =VLOOKUP(C50,'Cloud Security'!$1:$1048576,10,FALSE) -> #N/A | AF50: =VLOOKUP(C50,'Security Command Center'!$1:$1048576,10,FALSE) -> #N/A | AG50: =VLOOKUP(C50,'Security Operations'!$1:$1048576,10,FALSE) -> #N/A | AH50: =VLOOKUP(C50,'Google Threat Intelligence'!$1:$1048576,10,FALSE) -> #N/A | AI50: =VLOOKUP(C50,'Vertex AI Platform'!$1:$1048576,10,FALSE) -> #N/A | AJ50: =VLOOKUP(C50,'AI Applications'!$1:$1048576,10,FALSE) -> #N/A | AK50: =VLOOKUP(C50,'Gemini Enterprise'!$1:$1048576,10,FALSE) -> #N/A | AL50: =VLOOKUP(C50,'Customer Engagement Suite'!$1:$1048576,10,FALSE) -> #N/A | AM50: =SUM(N50:AL50) -> #N/A
A51: CHI-9230 | B51: CHI | C51: Julio Verdugo | D51: Principal Consultant | E51: L6 | F51: Raman Bangalore Venkatakr | G51: CIDA-01 | H51: CIDA-01-4 | I51: Ops | J51: BI Developer | K51: BI | L51: Walter Paredes | N51: =VLOOKUP(C51,BigQuery!$1:$1048576,10,FALSE) -> 10 | O51: =VLOOKUP(C51,Looker!$1:$1048576,10,FALSE) -> 5 | P51: =VLOOKUP(C51,Dataflow!$1:$1048576,10,FALSE) -> 10 | Q51: =VLOOKUP(C51,Dataproc!$1:$1048576,10,FALSE) -> 5 | R51: =VLOOKUP(C51,'Google Kubernetes Engine'!$1:$1048576,10,FALSE) -> 0 | S51: =VLOOKUP(C51,'Apigee API Management'!$1:$1048576,10,FALSE) -> 0 | T51: =VLOOKUP(C51,'Cloud Run'!$1:$1048576,10,FALSE) -> 0 | U51: =VLOOKUP(C51,Workspace!$1:$1048576,10,FALSE) -> 0 | V51: =VLOOKUP(C51,'Cloud SQL'!$1:$1048576,10,FALSE) -> 0 | W51: =VLOOKUP(C51,'AlloyDB for PostgreSQL'!$1:$1048576,10,FALSE) -> 0 | X51: =VLOOKUP(C51,Spanner!$1:$1048576,10,FALSE) -> 0 | Y51: =VLOOKUP(C51,Oracle!$1:$1048576,10,FALSE) -> 0 | Z51: =VLOOKUP(C51,'Google Compute Engine'!$1:$1048576,10,FALSE) -> 0 | AA51: =VLOOKUP(C51,'Google Cloud Networking'!$1:$1048576,10,FALSE) -> 0 | AB51: =VLOOKUP(C51,'SAP on Google Cloud'!$1:$1048576,10,FALSE) -> 0 | AC51: =VLOOKUP(C51,'Google Cloud VMware Engine'!$1:$1048576,10,FALSE) -> 0 | AD51: =VLOOKUP(C51,'Google Distributed Cloud'!$1:$1048576,10,FALSE) -> 0 | AE51: =VLOOKUP(C51,'Cloud Security'!$1:$1048576,10,FALSE) -> 0 | AF51: =VLOOKUP(C51,'Security Command Center'!$1:$1048576,10,FALSE) -> 0 | AG51: =VLOOKUP(C51,'Security Operations'!$1:$1048576,10,FALSE) -> 0 | AH51: =VLOOKUP(C51,'Google Threat Intelligence'!$1:$1048576,10,FALSE) -> 0 | AI51: =VLOOKUP(C51,'Vertex AI Platform'!$1:$1048576,10,FALSE) -> 20 | AJ51: =VLOOKUP(C51,'AI Applications'!$1:$1048576,10,FALSE) -> 0 | AK51: =VLOOKUP(C51,'Gemini Enterprise'!$1:$1048576,10,FALSE) -> 0 | AL51: =VLOOKUP(C51,'Customer Engagement Suite'!$1:$1048576,10,FALSE) -> 0 | AM51: =SUM(N51:AL51) -> 50
A52: CAN-21882 | B52: CAN | C52: Ka Ho Ng | D52: Principal Consultant | E52: L6 | F52: Kelly Sparks | G52: CIDA-05 | H52: CIDA-05-6 | I52: Ops | J52: DevOps Engineer | K52: SD | L52: Walter Paredes | M52: Renewals | N52: =VLOOKUP(C52,BigQuery!$1:$1048576,10,FALSE) -> 0 | O52: =VLOOKUP(C52,Looker!$1:$1048576,10,FALSE) -> 0 | P52: =VLOOKUP(C52,Dataflow!$1:$1048576,10,FALSE) -> 0 | Q52: =VLOOKUP(C52,Dataproc!$1:$1048576,10,FALSE) -> 0 | R52: =VLOOKUP(C52,'Google Kubernetes Engine'!$1:$1048576,10,FALSE) -> 15 | S52: =VLOOKUP(C52,'Apigee API Management'!$1:$1048576,10,FALSE) -> 0 | T52: =VLOOKUP(C52,'Cloud Run'!$1:$1048576,10,FALSE) -> 0 | U52: =VLOOKUP(C52,Workspace!$1:$1048576,10,FALSE) -> 0 | V52: =VLOOKUP(C52,'Cloud SQL'!$1:$1048576,10,FALSE) -> 0 | W52: =VLOOKUP(C52,'AlloyDB for PostgreSQL'!$1:$1048576,10,FALSE) -> 0 | X52: =VLOOKUP(C52,Spanner!$1:$1048576,10,FALSE) -> 0 | Y52: =VLOOKUP(C52,Oracle!$1:$1048576,10,FALSE) -> 0 | Z52: =VLOOKUP(C52,'Google Compute Engine'!$1:$1048576,10,FALSE) -> 0 | AA52: =VLOOKUP(C52,'Google Cloud Networking'!$1:$1048576,10,FALSE) -> 0 | AB52: =VLOOKUP(C52,'SAP on Google Cloud'!$1:$1048576,10,FALSE) -> 15 | AC52: =VLOOKUP(C52,'Google Cloud VMware Engine'!$1:$1048576,10,FALSE) -> 0 | AD52: =VLOOKUP(C52,'Google Distributed Cloud'!$1:$1048576,10,FALSE) -> 0 | AE52: =VLOOKUP(C52,'Cloud Security'!$1:$1048576,10,FALSE) -> 0 | AF52: =VLOOKUP(C52,'Security Command Center'!$1:$1048576,10,FALSE) -> 0 | AG52: =VLOOKUP(C52,'Security Operations'!$1:$1048576,10,FALSE) -> 0 | AH52: =VLOOKUP(C52,'Google Threat Intelligence'!$1:$1048576,10,FALSE) -> 0 | AI52: =VLOOKUP(C52,'Vertex AI Platform'!$1:$1048576,10,FALSE) -> 15 | AJ52: =VLOOKUP(C52,'AI Applications'!$1:$1048576,10,FALSE) -> 15 | AK52: =VLOOKUP(C52,'Gemini Enterprise'!$1:$1048576,10,FALSE) -> 15 | AL52: =VLOOKUP(C52,'Customer Engagement Suite'!$1:$1048576,10,FALSE) -> 15 | AM52: =SUM(N52:AL52) -> 90
A53: CAN-21140 | B53: CAN | C53: Kanwarpreet Gaba | D53: Principal Consultant | E53: L6 | F53: Nishant Saxena | G53: CIDA-05 | H53: CIDA-05-3 | I53: Ops | J53: Digital analyst | K53: DM | L53: Nishant Saxena | N53: =VLOOKUP(C53,BigQuery!$1:$1048576,10,FALSE) -> 0 | O53: =VLOOKUP(C53,Looker!$1:$1048576,10,FALSE) -> 0 | P53: =VLOOKUP(C53,Dataflow!$1:$1048576,10,FALSE) -> 0 | Q53: =VLOOKUP(C53,Dataproc!$1:$1048576,10,FALSE) -> 0 | R53: =VLOOKUP(C53,'Google Kubernetes Engine'!$1:$1048576,10,FALSE) -> 0 | S53: =VLOOKUP(C53,'Apigee API Management'!$1:$1048576,10,FALSE) -> 0 | T53: =VLOOKUP(C53,'Cloud Run'!$1:$1048576,10,FALSE) -> 0 | U53: =VLOOKUP(C53,Workspace!$1:$1048576,10,FALSE) -> 0 | V53: =VLOOKUP(C53,'Cloud SQL'!$1:$1048576,10,FALSE) -> 0 | W53: =VLOOKUP(C53,'AlloyDB for PostgreSQL'!$1:$1048576,10,FALSE) -> 0 | X53: =VLOOKUP(C53,Spanner!$1:$1048576,10,FALSE) -> 0 | Y53: =VLOOKUP(C53,Oracle!$1:$1048576,10,FALSE) -> 0 | Z53: =VLOOKUP(C53,'Google Compute Engine'!$1:$1048576,10,FALSE) -> 0 | AA53: =VLOOKUP(C53,'Google Cloud Networking'!$1:$1048576,10,FALSE) -> 0 | AB53: =VLOOKUP(C53,'SAP on Google Cloud'!$1:$1048576,10,FALSE) -> 0 | AC53: =VLOOKUP(C53,'Google Cloud VMware Engine'!$1:$1048576,10,FALSE) -> 0 | AD53: =VLOOKUP(C53,'Google Distributed Cloud'!$1:$1048576,10,FALSE) -> 0 | AE53: =VLOOKUP(C53,'Cloud Security'!$1:$1048576,10,FALSE) -> 0 | AF53: =VLOOKUP(C53,'Security Command Center'!$1:$1048576,10,FALSE) -> 0 | AG53: =VLOOKUP(C53,'Security Operations'!$1:$1048576,10,FALSE) -> 0 | AH53: =VLOOKUP(C53,'Google Threat Intelligence'!$1:$1048576,10,FALSE) -> 0 | AI53: =VLOOKUP(C53,'Vertex AI Platform'!$1:$1048576,10,FALSE) -> 0 | AJ53: =VLOOKUP(C53,'AI Applications'!$1:$1048576,10,FALSE) -> 0 | AK53: =VLOOKUP(C53,'Gemini Enterprise'!$1:$1048576,10,FALSE) -> 0 | AL53: =VLOOKUP(C53,'Customer Engagement Suite'!$1:$1048576,10,FALSE) -> 0 | AM53: =SUM(N53:AL53) -> 0
A54: INC-18041 | B54: INC | C54: Kelly Sparks | D54: Associate Director | E54: L7 | F54: Walter Paredes | G54: CIDA-05 | H54: CIDA-05-6 | I54: Ops | J54: DevOps Engineer | K54: SD | L54: Walter Paredes | N54: =VLOOKUP(C54,BigQuery!$1:$1048576,10,FALSE) -> 0 | O54: =VLOOKUP(C54,Looker!$1:$1048576,10,FALSE) -> 0 | P54: =VLOOKUP(C54,Dataflow!$1:$1048576,10,FALSE) -> 0 | Q54: =VLOOKUP(C54,Dataproc!$1:$1048576,10,FALSE) -> 0 | R54: =VLOOKUP(C54,'Google Kubernetes Engine'!$1:$1048576,10,FALSE) -> 0 | S54: =VLOOKUP(C54,'Apigee API Management'!$1:$1048576,10,FALSE) -> 0 | T54: =VLOOKUP(C54,'Cloud Run'!$1:$1048576,10,FALSE) -> 0 | U54: =VLOOKUP(C54,Workspace!$1:$1048576,10,FALSE) -> 0 | V54: =VLOOKUP(C54,'Cloud SQL'!$1:$1048576,10,FALSE) -> 0 | W54: =VLOOKUP(C54,'AlloyDB for PostgreSQL'!$1:$1048576,10,FALSE) -> 0 | X54: =VLOOKUP(C54,Spanner!$1:$1048576,10,FALSE) -> 0 | Y54: =VLOOKUP(C54,Oracle!$1:$1048576,10,FALSE) -> 0 | Z54: =VLOOKUP(C54,'Google Compute Engine'!$1:$1048576,10,FALSE) -> 0 | AA54: =VLOOKUP(C54,'Google Cloud Networking'!$1:$1048576,10,FALSE) -> 0 | AB54: =VLOOKUP(C54,'SAP on Google Cloud'!$1:$1048576,10,FALSE) -> 0 | AC54: =VLOOKUP(C54,'Google Cloud VMware Engine'!$1:$1048576,10,FALSE) -> 0 | AD54: =VLOOKUP(C54,'Google Distributed Cloud'!$1:$1048576,10,FALSE) -> 0 | AE54: =VLOOKUP(C54,'Cloud Security'!$1:$1048576,10,FALSE) -> 0 | AF54: =VLOOKUP(C54,'Security Command Center'!$1:$1048576,10,FALSE) -> 0 | AG54: =VLOOKUP(C54,'Security Operations'!$1:$1048576,10,FALSE) -> 0 | AH54: =VLOOKUP(C54,'Google Threat Intelligence'!$1:$1048576,10,FALSE) -> 0 | AI54: =VLOOKUP(C54,'Vertex AI Platform'!$1:$1048576,10,FALSE) -> 0 | AJ54: =VLOOKUP(C54,'AI Applications'!$1:$1048576,10,FALSE) -> 0 | AK54: =VLOOKUP(C54,'Gemini Enterprise'!$1:$1048576,10,FALSE) -> 0 | AL54: =VLOOKUP(C54,'Customer Engagement Suite'!$1:$1048576,10,FALSE) -> #N/A | AM54: =SUM(N54:AL54) -> #N/A
A55: CHI-14471 | B55: CHI | C55: Kevin Aballay | D55: Lead Engineer | E55: L4 | F55: Orlando Patino | G55: CIDA-01 | H55: CIDA-01-6 | I55: Ops | J55: Full Stack Developer | K55: SD | L55: Walter Paredes | M55: Professional Cloud Developer | N55: =VLOOKUP(C55,BigQuery!$1:$1048576,10,FALSE) -> 0 | O55: =VLOOKUP(C55,Looker!$1:$1048576,10,FALSE) -> 0 | P55: =VLOOKUP(C55,Dataflow!$1:$1048576,10,FALSE) -> 0 | Q55: =VLOOKUP(C55,Dataproc!$1:$1048576,10,FALSE) -> 0 | R55: =VLOOKUP(C55,'Google Kubernetes Engine'!$1:$1048576,10,FALSE) -> 0 | S55: =VLOOKUP(C55,'Apigee API Management'!$1:$1048576,10,FALSE) -> 0 | T55: =VLOOKUP(C55,'Cloud Run'!$1:$1048576,10,FALSE) -> 0 | U55: =VLOOKUP(C55,Workspace!$1:$1048576,10,FALSE) -> 0 | V55: =VLOOKUP(C55,'Cloud SQL'!$1:$1048576,10,FALSE) -> 0 | W55: =VLOOKUP(C55,'AlloyDB for PostgreSQL'!$1:$1048576,10,FALSE) -> 0 | X55: =VLOOKUP(C55,Spanner!$1:$1048576,10,FALSE) -> 0 | Y55: =VLOOKUP(C55,Oracle!$1:$1048576,10,FALSE) -> 0 | Z55: =VLOOKUP(C55,'Google Compute Engine'!$1:$1048576,10,FALSE) -> 0 | AA55: =VLOOKUP(C55,'Google Cloud Networking'!$1:$1048576,10,FALSE) -> 0 | AB55: =VLOOKUP(C55,'SAP on Google Cloud'!$1:$1048576,10,FALSE) -> 0 | AC55: =VLOOKUP(C55,'Google Cloud VMware Engine'!$1:$1048576,10,FALSE) -> 0 | AD55: =VLOOKUP(C55,'Google Distributed Cloud'!$1:$1048576,10,FALSE) -> 0 | AE55: =VLOOKUP(C55,'Cloud Security'!$1:$1048576,10,FALSE) -> 0 | AF55: =VLOOKUP(C55,'Security Command Center'!$1:$1048576,10,FALSE) -> 0 | AG55: =VLOOKUP(C55,'Security Operations'!$1:$1048576,10,FALSE) -> 0 | AH55: =VLOOKUP(C55,'Google Threat Intelligence'!$1:$1048576,10,FALSE) -> 0 | AI55: =VLOOKUP(C55,'Vertex AI Platform'!$1:$1048576,10,FALSE) -> 0 | AJ55: =VLOOKUP(C55,'AI Applications'!$1:$1048576,10,FALSE) -> 0 | AK55: =VLOOKUP(C55,'Gemini Enterprise'!$1:$1048576,10,FALSE) -> 0 | AL55: =VLOOKUP(C55,'Customer Engagement Suite'!$1:$1048576,10,FALSE) -> 0 | AM55: =SUM(N55:AL55) -> 0
A56: INC-20916 | B56: INC | C56: Kewal Shah | D56: Senior Consultant | E56: L5 | F56: Arnav Sharma | G56: CIDA-09 | H56: CIDA-09-2 | I56: GCP | J56: Data Scientist | K56: DS | L56: Arnav Sharma | N56: =VLOOKUP(C56,BigQuery!$1:$1048576,10,FALSE) -> 0 | O56: =VLOOKUP(C56,Looker!$1:$1048576,10,FALSE) -> 0 | P56: =VLOOKUP(C56,Dataflow!$1:$1048576,10,FALSE) -> 0 | Q56: =VLOOKUP(C56,Dataproc!$1:$1048576,10,FALSE) -> 0 | R56: =VLOOKUP(C56,'Google Kubernetes Engine'!$1:$1048576,10,FALSE) -> 0 | S56: =VLOOKUP(C56,'Apigee API Management'!$1:$1048576,10,FALSE) -> 0 | T56: =VLOOKUP(C56,'Cloud Run'!$1:$1048576,10,FALSE) -> 0 | U56: =VLOOKUP(C56,Workspace!$1:$1048576,10,FALSE) -> 0 | V56: =VLOOKUP(C56,'Cloud SQL'!$1:$1048576,10,FALSE) -> 0 | W56: =VLOOKUP(C56,'AlloyDB for PostgreSQL'!$1:$1048576,10,FALSE) -> 0 | X56: =VLOOKUP(C56,Spanner!$1:$1048576,10,FALSE) -> 0 | Y56: =VLOOKUP(C56,Oracle!$1:$1048576,10,FALSE) -> 0 | Z56: =VLOOKUP(C56,'Google Compute Engine'!$1:$1048576,10,FALSE) -> 0 | AA56: =VLOOKUP(C56,'Google Cloud Networking'!$1:$1048576,10,FALSE) -> 0 | AB56: =VLOOKUP(C56,'SAP on Google Cloud'!$1:$1048576,10,FALSE) -> 0 | AC56: =VLOOKUP(C56,'Google Cloud VMware Engine'!$1:$1048576,10,FALSE) -> 0 | AD56: =VLOOKUP(C56,'Google Distributed Cloud'!$1:$1048576,10,FALSE) -> 0 | AE56: =VLOOKUP(C56,'Cloud Security'!$1:$1048576,10,FALSE) -> 0 | AF56: =VLOOKUP(C56,'Security Command Center'!$1:$1048576,10,FALSE) -> 0 | AG56: =VLOOKUP(C56,'Security Operations'!$1:$1048576,10,FALSE) -> 0 | AH56: =VLOOKUP(C56,'Google Threat Intelligence'!$1:$1048576,10,FALSE) -> 0 | AI56: =VLOOKUP(C56,'Vertex AI Platform'!$1:$1048576,10,FALSE) -> 0 | AJ56: =VLOOKUP(C56,'AI Applications'!$1:$1048576,10,FALSE) -> 0 | AK56: =VLOOKUP(C56,'Gemini Enterprise'!$1:$1048576,10,FALSE) -> 0 | AL56: =VLOOKUP(C56,'Customer Engagement Suite'!$1:$1048576,10,FALSE) -> 0 | AM56: =SUM(N56:AL56) -> 0
A57: CHI-18392 | B57: CHI | C57: Lawrence Setien | D57: Senior Analyst | E57: L3 | F57: Daniel Gatica | G57: CIDA-01 | H57: CIDA-01-1 | I57: Ops | J57: Data Engineer | K57: DE | L57: Venkatesh Coimbatore Kannan | N57: =VLOOKUP(C57,BigQuery!$1:$1048576,10,FALSE) -> 0 | O57: =VLOOKUP(C57,Looker!$1:$1048576,10,FALSE) -> 0 | P57: =VLOOKUP(C57,Dataflow!$1:$1048576,10,FALSE) -> 0 | Q57: =VLOOKUP(C57,Dataproc!$1:$1048576,10,FALSE) -> 0 | R57: =VLOOKUP(C57,'Google Kubernetes Engine'!$1:$1048576,10,FALSE) -> 0 | S57: =VLOOKUP(C57,'Apigee API Management'!$1:$1048576,10,FALSE) -> 0 | T57: =VLOOKUP(C57,'Cloud Run'!$1:$1048576,10,FALSE) -> 0 | U57: =VLOOKUP(C57,Workspace!$1:$1048576,10,FALSE) -> 0 | V57: =VLOOKUP(C57,'Cloud SQL'!$1:$1048576,10,FALSE) -> 0 | W57: =VLOOKUP(C57,'AlloyDB for PostgreSQL'!$1:$1048576,10,FALSE) -> 0 | X57: =VLOOKUP(C57,Spanner!$1:$1048576,10,FALSE) -> 0 | Y57: =VLOOKUP(C57,Oracle!$1:$1048576,10,FALSE) -> 0 | Z57: =VLOOKUP(C57,'Google Compute Engine'!$1:$1048576,10,FALSE) -> 0 | AA57: =VLOOKUP(C57,'Google Cloud Networking'!$1:$1048576,10,FALSE) -> 0 | AB57: =VLOOKUP(C57,'SAP on Google Cloud'!$1:$1048576,10,FALSE) -> 0 | AC57: =VLOOKUP(C57,'Google Cloud VMware Engine'!$1:$1048576,10,FALSE) -> 0 | AD57: =VLOOKUP(C57,'Google Distributed Cloud'!$1:$1048576,10,FALSE) -> 0 | AE57: =VLOOKUP(C57,'Cloud Security'!$1:$1048576,10,FALSE) -> 0 | AF57: =VLOOKUP(C57,'Security Command Center'!$1:$1048576,10,FALSE) -> 0 | AG57: =VLOOKUP(C57,'Security Operations'!$1:$1048576,10,FALSE) -> 0 | AH57: =VLOOKUP(C57,'Google Threat Intelligence'!$1:$1048576,10,FALSE) -> 0 | AI57: =VLOOKUP(C57,'Vertex AI Platform'!$1:$1048576,10,FALSE) -> 0 | AJ57: =VLOOKUP(C57,'AI Applications'!$1:$1048576,10,FALSE) -> 0 | AK57: =VLOOKUP(C57,'Gemini Enterprise'!$1:$1048576,10,FALSE) -> 0 | AL57: =VLOOKUP(C57,'Customer Engagement Suite'!$1:$1048576,10,FALSE) -> 0 | AM57: =SUM(N57:AL57) -> 0
A58: CHI-18865 | B58: CHI | C58: Lorena Canete | D58: Senior Engineer | E58: L3 | F58: Maria Ramirez | G58: CIDA-01 | H58: CIDA-01-6 | I58: Ops | J58: Full Stack Developer | K58: SD | L58: Walter Paredes | M58: Professional Cloud Developer | N58: =VLOOKUP(C58,BigQuery!$1:$1048576,10,FALSE) -> 0 | O58: =VLOOKUP(C58,Looker!$1:$1048576,10,FALSE) -> 0 | P58: =VLOOKUP(C58,Dataflow!$1:$1048576,10,FALSE) -> 0 | Q58: =VLOOKUP(C58,Dataproc!$1:$1048576,10,FALSE) -> 0 | R58: =VLOOKUP(C58,'Google Kubernetes Engine'!$1:$1048576,10,FALSE) -> 0 | S58: =VLOOKUP(C58,'Apigee API Management'!$1:$1048576,10,FALSE) -> 0 | T58: =VLOOKUP(C58,'Cloud Run'!$1:$1048576,10,FALSE) -> 0 | U58: =VLOOKUP(C58,Workspace!$1:$1048576,10,FALSE) -> 0 | V58: =VLOOKUP(C58,'Cloud SQL'!$1:$1048576,10,FALSE) -> 0 | W58: =VLOOKUP(C58,'AlloyDB for PostgreSQL'!$1:$1048576,10,FALSE) -> 0 | X58: =VLOOKUP(C58,Spanner!$1:$1048576,10,FALSE) -> 0 | Y58: =VLOOKUP(C58,Oracle!$1:$1048576,10,FALSE) -> 0 | Z58: =VLOOKUP(C58,'Google Compute Engine'!$1:$1048576,10,FALSE) -> 0 | AA58: =VLOOKUP(C58,'Google Cloud Networking'!$1:$1048576,10,FALSE) -> 0 | AB58: =VLOOKUP(C58,'SAP on Google Cloud'!$1:$1048576,10,FALSE) -> 0 | AC58: =VLOOKUP(C58,'Google Cloud VMware Engine'!$1:$1048576,10,FALSE) -> 0 | AD58: =VLOOKUP(C58,'Google Distributed Cloud'!$1:$1048576,10,FALSE) -> 0 | AE58: =VLOOKUP(C58,'Cloud Security'!$1:$1048576,10,FALSE) -> 0 | AF58: =VLOOKUP(C58,'Security Command Center'!$1:$1048576,10,FALSE) -> 0 | AG58: =VLOOKUP(C58,'Security Operations'!$1:$1048576,10,FALSE) -> 0 | AH58: =VLOOKUP(C58,'Google Threat Intelligence'!$1:$1048576,10,FALSE) -> 0 | AI58: =VLOOKUP(C58,'Vertex AI Platform'!$1:$1048576,10,FALSE) -> 0 | AJ58: =VLOOKUP(C58,'AI Applications'!$1:$1048576,10,FALSE) -> 0 | AK58: =VLOOKUP(C58,'Gemini Enterprise'!$1:$1048576,10,FALSE) -> 0 | AL58: =VLOOKUP(C58,'Customer Engagement Suite'!$1:$1048576,10,FALSE) -> 0 | AM58: =SUM(N58:AL58) -> 0
A59: CHI-22431 | B59: CHI | C59: Luis Vilches | D59: Engineer | E59: L2 | F59: David Hernandez | G59: CIDA-01 | H59: CIDA-01-6 | I59: Ops | J59: Full Stack Developer | K59: SD | L59: Walter Paredes | M59: Professional Cloud DevOps Engineer | N59: =VLOOKUP(C59,BigQuery!$1:$1048576,10,FALSE) -> 0 | O59: =VLOOKUP(C59,Looker!$1:$1048576,10,FALSE) -> 0 | P59: =VLOOKUP(C59,Dataflow!$1:$1048576,10,FALSE) -> 0 | Q59: =VLOOKUP(C59,Dataproc!$1:$1048576,10,FALSE) -> 0 | R59: =VLOOKUP(C59,'Google Kubernetes Engine'!$1:$1048576,10,FALSE) -> 20 | S59: =VLOOKUP(C59,'Apigee API Management'!$1:$1048576,10,FALSE) -> 10 | T59: =VLOOKUP(C59,'Cloud Run'!$1:$1048576,10,FALSE) -> 30 | U59: =VLOOKUP(C59,Workspace!$1:$1048576,10,FALSE) -> 0 | V59: =VLOOKUP(C59,'Cloud SQL'!$1:$1048576,10,FALSE) -> 10 | W59: =VLOOKUP(C59,'AlloyDB for PostgreSQL'!$1:$1048576,10,FALSE) -> 0 | X59: =VLOOKUP(C59,Spanner!$1:$1048576,10,FALSE) -> 0 | Y59: =VLOOKUP(C59,Oracle!$1:$1048576,10,FALSE) -> 0 | Z59: =VLOOKUP(C59,'Google Compute Engine'!$1:$1048576,10,FALSE) -> 0 | AA59: =VLOOKUP(C59,'Google Cloud Networking'!$1:$1048576,10,FALSE) -> 0 | AB59: =VLOOKUP(C59,'SAP on Google Cloud'!$1:$1048576,10,FALSE) -> 0 | AC59: =VLOOKUP(C59,'Google Cloud VMware Engine'!$1:$1048576,10,FALSE) -> 0 | AD59: =VLOOKUP(C59,'Google Distributed Cloud'!$1:$1048576,10,FALSE) -> 0 | AE59: =VLOOKUP(C59,'Cloud Security'!$1:$1048576,10,FALSE) -> 0 | AF59: =VLOOKUP(C59,'Security Command Center'!$1:$1048576,10,FALSE) -> 0 | AG59: =VLOOKUP(C59,'Security Operations'!$1:$1048576,10,FALSE) -> 0 | AH59: =VLOOKUP(C59,'Google Threat Intelligence'!$1:$1048576,10,FALSE) -> 0 | AI59: =VLOOKUP(C59,'Vertex AI Platform'!$1:$1048576,10,FALSE) -> 0 | AJ59: =VLOOKUP(C59,'AI Applications'!$1:$1048576,10,FALSE) -> 0 | AK59: =VLOOKUP(C59,'Gemini Enterprise'!$1:$1048576,10,FALSE) -> 0 | AL59: =VLOOKUP(C59,'Customer Engagement Suite'!$1:$1048576,10,FALSE) -> 0 | AM59: =SUM(N59:AL59) -> 70
A60: CHI-21717 | B60: CHI | C60: Marcelo Pimentel | D60: Consultant | E60: L4 | F60: Daniel Gatica | G60: CIDA-01 | H60: CIDA-01-1 | I60: Ops | J60: Data Engineer | K60: DE | L60: Venkatesh Coimbatore Kannan | N60: =VLOOKUP(C60,BigQuery!$1:$1048576,10,FALSE) -> 0 | O60: =VLOOKUP(C60,Looker!$1:$1048576,10,FALSE) -> 0 | P60: =VLOOKUP(C60,Dataflow!$1:$1048576,10,FALSE) -> 0 | Q60: =VLOOKUP(C60,Dataproc!$1:$1048576,10,FALSE) -> 0 | R60: =VLOOKUP(C60,'Google Kubernetes Engine'!$1:$1048576,10,FALSE) -> 0 | S60: =VLOOKUP(C60,'Apigee API Management'!$1:$1048576,10,FALSE) -> 0 | T60: =VLOOKUP(C60,'Cloud Run'!$1:$1048576,10,FALSE) -> 0 | U60: =VLOOKUP(C60,Workspace!$1:$1048576,10,FALSE) -> 0 | V60: =VLOOKUP(C60,'Cloud SQL'!$1:$1048576,10,FALSE) -> 0 | W60: =VLOOKUP(C60,'AlloyDB for PostgreSQL'!$1:$1048576,10,FALSE) -> 0 | X60: =VLOOKUP(C60,Spanner!$1:$1048576,10,FALSE) -> 0 | Y60: =VLOOKUP(C60,Oracle!$1:$1048576,10,FALSE) -> 0 | Z60: =VLOOKUP(C60,'Google Compute Engine'!$1:$1048576,10,FALSE) -> 0 | AA60: =VLOOKUP(C60,'Google Cloud Networking'!$1:$1048576,10,FALSE) -> 0 | AB60: =VLOOKUP(C60,'SAP on Google Cloud'!$1:$1048576,10,FALSE) -> 0 | AC60: =VLOOKUP(C60,'Google Cloud VMware Engine'!$1:$1048576,10,FALSE) -> 0 | AD60: =VLOOKUP(C60,'Google Distributed Cloud'!$1:$1048576,10,FALSE) -> 0 | AE60: =VLOOKUP(C60,'Cloud Security'!$1:$1048576,10,FALSE) -> 0 | AF60: =VLOOKUP(C60,'Security Command Center'!$1:$1048576,10,FALSE) -> 0 | AG60: =VLOOKUP(C60,'Security Operations'!$1:$1048576,10,FALSE) -> 0 | AH60: =VLOOKUP(C60,'Google Threat Intelligence'!$1:$1048576,10,FALSE) -> 0 | AI60: =VLOOKUP(C60,'Vertex AI Platform'!$1:$1048576,10,FALSE) -> 0 | AJ60: =VLOOKUP(C60,'AI Applications'!$1:$1048576,10,FALSE) -> 0 | AK60: =VLOOKUP(C60,'Gemini Enterprise'!$1:$1048576,10,FALSE) -> 0 | AL60: =VLOOKUP(C60,'Customer Engagement Suite'!$1:$1048576,10,FALSE) -> 0 | AM60: =SUM(N60:AL60) -> 0
A61: CHI-12354 | B61: CHI | C61: Maria Ines Ramirez | D61: Senior Consultant | E61: L5 | F61: Walter Paredes | G61: CIDA-01 | H61: CIDA-01-6 | I61: Ops | J61: Project Manager | K61: SD | L61: Walter Paredes | M61: Cloud Digital Leader | N61: =VLOOKUP(C61,BigQuery!$1:$1048576,10,FALSE) -> 0 | O61: =VLOOKUP(C61,Looker!$1:$1048576,10,FALSE) -> 0 | P61: =VLOOKUP(C61,Dataflow!$1:$1048576,10,FALSE) -> 0 | Q61: =VLOOKUP(C61,Dataproc!$1:$1048576,10,FALSE) -> 0 | R61: =VLOOKUP(C61,'Google Kubernetes Engine'!$1:$1048576,10,FALSE) -> 0 | S61: =VLOOKUP(C61,'Apigee API Management'!$1:$1048576,10,FALSE) -> 0 | T61: =VLOOKUP(C61,'Cloud Run'!$1:$1048576,10,FALSE) -> 0 | U61: =VLOOKUP(C61,Workspace!$1:$1048576,10,FALSE) -> 0 | V61: =VLOOKUP(C61,'Cloud SQL'!$1:$1048576,10,FALSE) -> 0 | W61: =VLOOKUP(C61,'AlloyDB for PostgreSQL'!$1:$1048576,10,FALSE) -> 0 | X61: =VLOOKUP(C61,Spanner!$1:$1048576,10,FALSE) -> 0 | Y61: =VLOOKUP(C61,Oracle!$1:$1048576,10,FALSE) -> 0 | Z61: =VLOOKUP(C61,'Google Compute Engine'!$1:$1048576,10,FALSE) -> 0 | AA61: =VLOOKUP(C61,'Google Cloud Networking'!$1:$1048576,10,FALSE) -> 0 | AB61: =VLOOKUP(C61,'SAP on Google Cloud'!$1:$1048576,10,FALSE) -> 0 | AC61: =VLOOKUP(C61,'Google Cloud VMware Engine'!$1:$1048576,10,FALSE) -> 0 | AD61: =VLOOKUP(C61,'Google Distributed Cloud'!$1:$1048576,10,FALSE) -> 0 | AE61: =VLOOKUP(C61,'Cloud Security'!$1:$1048576,10,FALSE) -> 0 | AF61: =VLOOKUP(C61,'Security Command Center'!$1:$1048576,10,FALSE) -> 0 | AG61: =VLOOKUP(C61,'Security Operations'!$1:$1048576,10,FALSE) -> 0 | AH61: =VLOOKUP(C61,'Google Threat Intelligence'!$1:$1048576,10,FALSE) -> 0 | AI61: =VLOOKUP(C61,'Vertex AI Platform'!$1:$1048576,10,FALSE) -> 0 | AJ61: =VLOOKUP(C61,'AI Applications'!$1:$1048576,10,FALSE) -> 0 | AK61: =VLOOKUP(C61,'Gemini Enterprise'!$1:$1048576,10,FALSE) -> 0 | AL61: =VLOOKUP(C61,'Customer Engagement Suite'!$1:$1048576,10,FALSE) -> 0 | AM61: =SUM(N61:AL61) -> 0
A62: INC-23888 | B62: INC | C62: Matias Hernandez | D62: Consultant | E62: L4 | F62: Venkatesh Kannan | G62: CIDA-05 | H62: CIDA-05-1 | I62: Ops | J62: Functional Consultant | K62: DE | L62: Venkatesh Coimbatore Kannan | N62: =VLOOKUP(C62,BigQuery!$1:$1048576,10,FALSE) -> 0 | O62: =VLOOKUP(C62,Looker!$1:$1048576,10,FALSE) -> 0 | P62: =VLOOKUP(C62,Dataflow!$1:$1048576,10,FALSE) -> 0 | Q62: =VLOOKUP(C62,Dataproc!$1:$1048576,10,FALSE) -> 0 | R62: =VLOOKUP(C62,'Google Kubernetes Engine'!$1:$1048576,10,FALSE) -> 0 | S62: =VLOOKUP(C62,'Apigee API Management'!$1:$1048576,10,FALSE) -> 0 | T62: =VLOOKUP(C62,'Cloud Run'!$1:$1048576,10,FALSE) -> 0 | U62: =VLOOKUP(C62,Workspace!$1:$1048576,10,FALSE) -> 0 | V62: =VLOOKUP(C62,'Cloud SQL'!$1:$1048576,10,FALSE) -> 0 | W62: =VLOOKUP(C62,'AlloyDB for PostgreSQL'!$1:$1048576,10,FALSE) -> 0 | X62: =VLOOKUP(C62,Spanner!$1:$1048576,10,FALSE) -> 0 | Y62: =VLOOKUP(C62,Oracle!$1:$1048576,10,FALSE) -> 0 | Z62: =VLOOKUP(C62,'Google Compute Engine'!$1:$1048576,10,FALSE) -> 0 | AA62: =VLOOKUP(C62,'Google Cloud Networking'!$1:$1048576,10,FALSE) -> 0 | AB62: =VLOOKUP(C62,'SAP on Google Cloud'!$1:$1048576,10,FALSE) -> 0 | AC62: =VLOOKUP(C62,'Google Cloud VMware Engine'!$1:$1048576,10,FALSE) -> 0 | AD62: =VLOOKUP(C62,'Google Distributed Cloud'!$1:$1048576,10,FALSE) -> 0 | AE62: =VLOOKUP(C62,'Cloud Security'!$1:$1048576,10,FALSE) -> 0 | AF62: =VLOOKUP(C62,'Security Command Center'!$1:$1048576,10,FALSE) -> 0 | AG62: =VLOOKUP(C62,'Security Operations'!$1:$1048576,10,FALSE) -> 0 | AH62: =VLOOKUP(C62,'Google Threat Intelligence'!$1:$1048576,10,FALSE) -> 0 | AI62: =VLOOKUP(C62,'Vertex AI Platform'!$1:$1048576,10,FALSE) -> 0 | AJ62: =VLOOKUP(C62,'AI Applications'!$1:$1048576,10,FALSE) -> 0 | AK62: =VLOOKUP(C62,'Gemini Enterprise'!$1:$1048576,10,FALSE) -> 0 | AL62: =VLOOKUP(C62,'Customer Engagement Suite'!$1:$1048576,10,FALSE) -> 0 | AM62: =SUM(N62:AL62) -> 0
A63: CAN-23292 | B63: CAN | C63: Mikhail Sidyakov | D63: Principal Consultant | E63: L6 | F63: Arnav Sharma | G63: CIDA-05 | H63: CIDA-05-2 | I63: Ops | J63: Data Scientist | K63: DS | L63: Arnav Sharma | N63: =VLOOKUP(C63,BigQuery!$1:$1048576,10,FALSE) -> 0 | O63: =VLOOKUP(C63,Looker!$1:$1048576,10,FALSE) -> 0 | P63: =VLOOKUP(C63,Dataflow!$1:$1048576,10,FALSE) -> 0 | Q63: =VLOOKUP(C63,Dataproc!$1:$1048576,10,FALSE) -> 0 | R63: =VLOOKUP(C63,'Google Kubernetes Engine'!$1:$1048576,10,FALSE) -> 0 | S63: =VLOOKUP(C63,'Apigee API Management'!$1:$1048576,10,FALSE) -> 0 | T63: =VLOOKUP(C63,'Cloud Run'!$1:$1048576,10,FALSE) -> 0 | U63: =VLOOKUP(C63,Workspace!$1:$1048576,10,FALSE) -> 0 | V63: =VLOOKUP(C63,'Cloud SQL'!$1:$1048576,10,FALSE) -> 0 | W63: =VLOOKUP(C63,'AlloyDB for PostgreSQL'!$1:$1048576,10,FALSE) -> 0 | X63: =VLOOKUP(C63,Spanner!$1:$1048576,10,FALSE) -> 0 | Y63: =VLOOKUP(C63,Oracle!$1:$1048576,10,FALSE) -> 0 | Z63: =VLOOKUP(C63,'Google Compute Engine'!$1:$1048576,10,FALSE) -> 0 | AA63: =VLOOKUP(C63,'Google Cloud Networking'!$1:$1048576,10,FALSE) -> 0 | AB63: =VLOOKUP(C63,'SAP on Google Cloud'!$1:$1048576,10,FALSE) -> 0 | AC63: =VLOOKUP(C63,'Google Cloud VMware Engine'!$1:$1048576,10,FALSE) -> 0 | AD63: =VLOOKUP(C63,'Google Distributed Cloud'!$1:$1048576,10,FALSE) -> 0 | AE63: =VLOOKUP(C63,'Cloud Security'!$1:$1048576,10,FALSE) -> 0 | AF63: =VLOOKUP(C63,'Security Command Center'!$1:$1048576,10,FALSE) -> 0 | AG63: =VLOOKUP(C63,'Security Operations'!$1:$1048576,10,FALSE) -> 0 | AH63: =VLOOKUP(C63,'Google Threat Intelligence'!$1:$1048576,10,FALSE) -> 0 | AI63: =VLOOKUP(C63,'Vertex AI Platform'!$1:$1048576,10,FALSE) -> 0 | AJ63: =VLOOKUP(C63,'AI Applications'!$1:$1048576,10,FALSE) -> 0 | AK63: =VLOOKUP(C63,'Gemini Enterprise'!$1:$1048576,10,FALSE) -> 0 | AL63: =VLOOKUP(C63,'Customer Engagement Suite'!$1:$1048576,10,FALSE) -> 0 | AM63: =SUM(N63:AL63) -> 0
A64: CHI-17847 | B64: CHI | C64: Neptali Vasquez Baxman | D64: Senior Engineer | E64: L3 | F64: Maria Ramirez | G64: CIDA-01 | H64: CIDA-01-6 | I64: Ops | J64: Full Stack Developer | K64: SD | L64: Walter Paredes | M64: Professional Cloud Developer | N64: =VLOOKUP(C64,BigQuery!$1:$1048576,10,FALSE) -> 0 | O64: =VLOOKUP(C64,Looker!$1:$1048576,10,FALSE) -> 0 | P64: =VLOOKUP(C64,Dataflow!$1:$1048576,10,FALSE) -> 0 | Q64: =VLOOKUP(C64,Dataproc!$1:$1048576,10,FALSE) -> 0 | R64: =VLOOKUP(C64,'Google Kubernetes Engine'!$1:$1048576,10,FALSE) -> 0 | S64: =VLOOKUP(C64,'Apigee API Management'!$1:$1048576,10,FALSE) -> 0 | T64: =VLOOKUP(C64,'Cloud Run'!$1:$1048576,10,FALSE) -> 5 | U64: =VLOOKUP(C64,Workspace!$1:$1048576,10,FALSE) -> 0 | V64: =VLOOKUP(C64,'Cloud SQL'!$1:$1048576,10,FALSE) -> 5 | W64: =VLOOKUP(C64,'AlloyDB for PostgreSQL'!$1:$1048576,10,FALSE) -> 0 | X64: =VLOOKUP(C64,Spanner!$1:$1048576,10,FALSE) -> 0 | Y64: =VLOOKUP(C64,Oracle!$1:$1048576,10,FALSE) -> 0 | Z64: =VLOOKUP(C64,'Google Compute Engine'!$1:$1048576,10,FALSE) -> 0 | AA64: =VLOOKUP(C64,'Google Cloud Networking'!$1:$1048576,10,FALSE) -> 0 | AB64: =VLOOKUP(C64,'SAP on Google Cloud'!$1:$1048576,10,FALSE) -> 0 | AC64: =VLOOKUP(C64,'Google Cloud VMware Engine'!$1:$1048576,10,FALSE) -> 0 | AD64: =VLOOKUP(C64,'Google Distributed Cloud'!$1:$1048576,10,FALSE) -> 0 | AE64: =VLOOKUP(C64,'Cloud Security'!$1:$1048576,10,FALSE) -> 0 | AF64: =VLOOKUP(C64,'Security Command Center'!$1:$1048576,10,FALSE) -> 0 | AG64: =VLOOKUP(C64,'Security Operations'!$1:$1048576,10,FALSE) -> 0 | AH64: =VLOOKUP(C64,'Google Threat Intelligence'!$1:$1048576,10,FALSE) -> 0 | AI64: =VLOOKUP(C64,'Vertex AI Platform'!$1:$1048576,10,FALSE) -> 0 | AJ64: =VLOOKUP(C64,'AI Applications'!$1:$1048576,10,FALSE) -> 0 | AK64: =VLOOKUP(C64,'Gemini Enterprise'!$1:$1048576,10,FALSE) -> 0 | AL64: =VLOOKUP(C64,'Customer Engagement Suite'!$1:$1048576,10,FALSE) -> 0 | AM64: =SUM(N64:AL64) -> 10
A65: CHI-13097 | B65: CHI | C65: Nicole Carvajal | D65: Senior Consultant | E65: L5 | F65: Diego Cordova | G65: CIDA-01 | H65: CIDA-01-1 | I65: Ops | J65: BI Developer | K65: DE | L65: Venkatesh Coimbatore Kannan | N65: =VLOOKUP(C65,BigQuery!$1:$1048576,10,FALSE) -> 0 | O65: =VLOOKUP(C65,Looker!$1:$1048576,10,FALSE) -> 0 | P65: =VLOOKUP(C65,Dataflow!$1:$1048576,10,FALSE) -> 0 | Q65: =VLOOKUP(C65,Dataproc!$1:$1048576,10,FALSE) -> 0 | R65: =VLOOKUP(C65,'Google Kubernetes Engine'!$1:$1048576,10,FALSE) -> 0 | S65: =VLOOKUP(C65,'Apigee API Management'!$1:$1048576,10,FALSE) -> 0 | T65: =VLOOKUP(C65,'Cloud Run'!$1:$1048576,10,FALSE) -> 0 | U65: =VLOOKUP(C65,Workspace!$1:$1048576,10,FALSE) -> 0 | V65: =VLOOKUP(C65,'Cloud SQL'!$1:$1048576,10,FALSE) -> 0 | W65: =VLOOKUP(C65,'AlloyDB for PostgreSQL'!$1:$1048576,10,FALSE) -> 0 | X65: =VLOOKUP(C65,Spanner!$1:$1048576,10,FALSE) -> 0 | Y65: =VLOOKUP(C65,Oracle!$1:$1048576,10,FALSE) -> 0 | Z65: =VLOOKUP(C65,'Google Compute Engine'!$1:$1048576,10,FALSE) -> 0 | AA65: =VLOOKUP(C65,'Google Cloud Networking'!$1:$1048576,10,FALSE) -> 0 | AB65: =VLOOKUP(C65,'SAP on Google Cloud'!$1:$1048576,10,FALSE) -> 0 | AC65: =VLOOKUP(C65,'Google Cloud VMware Engine'!$1:$1048576,10,FALSE) -> 0 | AD65: =VLOOKUP(C65,'Google Distributed Cloud'!$1:$1048576,10,FALSE) -> 0 | AE65: =VLOOKUP(C65,'Cloud Security'!$1:$1048576,10,FALSE) -> 0 | AF65: =VLOOKUP(C65,'Security Command Center'!$1:$1048576,10,FALSE) -> 0 | AG65: =VLOOKUP(C65,'Security Operations'!$1:$1048576,10,FALSE) -> 0 | AH65: =VLOOKUP(C65,'Google Threat Intelligence'!$1:$1048576,10,FALSE) -> 0 | AI65: =VLOOKUP(C65,'Vertex AI Platform'!$1:$1048576,10,FALSE) -> 0 | AJ65: =VLOOKUP(C65,'AI Applications'!$1:$1048576,10,FALSE) -> 0 | AK65: =VLOOKUP(C65,'Gemini Enterprise'!$1:$1048576,10,FALSE) -> 0 | AL65: =VLOOKUP(C65,'Customer Engagement Suite'!$1:$1048576,10,FALSE) -> 0 | AM65: =SUM(N65:AL65) -> 0
A66: CAN-19682 | B66: CAN | C66: Nishant Saxena | D66: Associate Director | E66: L7 | F66: Rajat Singh | G66: CIDA-05 | H66: CIDA-05-3 | I66: Ops | J66: Digital analyst | K66: DM | L66: Nishant Saxena | N66: =VLOOKUP(C66,BigQuery!$1:$1048576,10,FALSE) -> 0 | O66: =VLOOKUP(C66,Looker!$1:$1048576,10,FALSE) -> 0 | P66: =VLOOKUP(C66,Dataflow!$1:$1048576,10,FALSE) -> 0 | Q66: =VLOOKUP(C66,Dataproc!$1:$1048576,10,FALSE) -> 0 | R66: =VLOOKUP(C66,'Google Kubernetes Engine'!$1:$1048576,10,FALSE) -> 0 | S66: =VLOOKUP(C66,'Apigee API Management'!$1:$1048576,10,FALSE) -> 0 | T66: =VLOOKUP(C66,'Cloud Run'!$1:$1048576,10,FALSE) -> 0 | U66: =VLOOKUP(C66,Workspace!$1:$1048576,10,FALSE) -> 0 | V66: =VLOOKUP(C66,'Cloud SQL'!$1:$1048576,10,FALSE) -> 0 | W66: =VLOOKUP(C66,'AlloyDB for PostgreSQL'!$1:$1048576,10,FALSE) -> 0 | X66: =VLOOKUP(C66,Spanner!$1:$1048576,10,FALSE) -> 0 | Y66: =VLOOKUP(C66,Oracle!$1:$1048576,10,FALSE) -> 0 | Z66: =VLOOKUP(C66,'Google Compute Engine'!$1:$1048576,10,FALSE) -> 0 | AA66: =VLOOKUP(C66,'Google Cloud Networking'!$1:$1048576,10,FALSE) -> 0 | AB66: =VLOOKUP(C66,'SAP on Google Cloud'!$1:$1048576,10,FALSE) -> 0 | AC66: =VLOOKUP(C66,'Google Cloud VMware Engine'!$1:$1048576,10,FALSE) -> 0 | AD66: =VLOOKUP(C66,'Google Distributed Cloud'!$1:$1048576,10,FALSE) -> 0 | AE66: =VLOOKUP(C66,'Cloud Security'!$1:$1048576,10,FALSE) -> 0 | AF66: =VLOOKUP(C66,'Security Command Center'!$1:$1048576,10,FALSE) -> 0 | AG66: =VLOOKUP(C66,'Security Operations'!$1:$1048576,10,FALSE) -> 0 | AH66: =VLOOKUP(C66,'Google Threat Intelligence'!$1:$1048576,10,FALSE) -> 0 | AI66: =VLOOKUP(C66,'Vertex AI Platform'!$1:$1048576,10,FALSE) -> 0 | AJ66: =VLOOKUP(C66,'AI Applications'!$1:$1048576,10,FALSE) -> 0 | AK66: =VLOOKUP(C66,'Gemini Enterprise'!$1:$1048576,10,FALSE) -> 0 | AL66: =VLOOKUP(C66,'Customer Engagement Suite'!$1:$1048576,10,FALSE) -> 0 | AM66: =SUM(N66:AL66) -> 0
A67: INC-12480 | B67: INC | C67: Nithin Narayanan | D67: Consultant | E67: L4 | F67: Arnav Sharma | G67: CIDA-01 | H67: CIDA-01-2 | I67: Ops | J67: Data Scientist | K67: DS | L67: Arnav Sharma | N67: =VLOOKUP(C67,BigQuery!$1:$1048576,10,FALSE) -> 10 | O67: =VLOOKUP(C67,Looker!$1:$1048576,10,FALSE) -> 0 | P67: =VLOOKUP(C67,Dataflow!$1:$1048576,10,FALSE) -> 0 | Q67: =VLOOKUP(C67,Dataproc!$1:$1048576,10,FALSE) -> 0 | R67: =VLOOKUP(C67,'Google Kubernetes Engine'!$1:$1048576,10,FALSE) -> 0 | S67: =VLOOKUP(C67,'Apigee API Management'!$1:$1048576,10,FALSE) -> 0 | T67: =VLOOKUP(C67,'Cloud Run'!$1:$1048576,10,FALSE) -> 0 | U67: =VLOOKUP(C67,Workspace!$1:$1048576,10,FALSE) -> 0 | V67: =VLOOKUP(C67,'Cloud SQL'!$1:$1048576,10,FALSE) -> 0 | W67: =VLOOKUP(C67,'AlloyDB for PostgreSQL'!$1:$1048576,10,FALSE) -> 0 | X67: =VLOOKUP(C67,Spanner!$1:$1048576,10,FALSE) -> 0 | Y67: =VLOOKUP(C67,Oracle!$1:$1048576,10,FALSE) -> 0 | Z67: =VLOOKUP(C67,'Google Compute Engine'!$1:$1048576,10,FALSE) -> 0 | AA67: =VLOOKUP(C67,'Google Cloud Networking'!$1:$1048576,10,FALSE) -> 0 | AB67: =VLOOKUP(C67,'SAP on Google Cloud'!$1:$1048576,10,FALSE) -> 0 | AC67: =VLOOKUP(C67,'Google Cloud VMware Engine'!$1:$1048576,10,FALSE) -> 0 | AD67: =VLOOKUP(C67,'Google Distributed Cloud'!$1:$1048576,10,FALSE) -> 0 | AE67: =VLOOKUP(C67,'Cloud Security'!$1:$1048576,10,FALSE) -> 0 | AF67: =VLOOKUP(C67,'Security Command Center'!$1:$1048576,10,FALSE) -> 0 | AG67: =VLOOKUP(C67,'Security Operations'!$1:$1048576,10,FALSE) -> 0 | AH67: =VLOOKUP(C67,'Google Threat Intelligence'!$1:$1048576,10,FALSE) -> 0 | AI67: =VLOOKUP(C67,'Vertex AI Platform'!$1:$1048576,10,FALSE) -> 15 | AJ67: =VLOOKUP(C67,'AI Applications'!$1:$1048576,10,FALSE) -> 10 | AK67: =VLOOKUP(C67,'Gemini Enterprise'!$1:$1048576,10,FALSE) -> 10 | AL67: =VLOOKUP(C67,'Customer Engagement Suite'!$1:$1048576,10,FALSE) -> 10 | AM67: =SUM(N67:AL67) -> 55
A68: CHI-21536 | B68: CHI | C68: Oliver Pozo | D68: Consultant | E68: L4 | F68: Daniel Gatica | G68: CIDA-01 | H68: CIDA-01-1 | I68: Ops | J68: Data Engineer | K68: DE | L68: Venkatesh Coimbatore Kannan | N68: =VLOOKUP(C68,BigQuery!$1:$1048576,10,FALSE) -> 9 | O68: =VLOOKUP(C68,Looker!$1:$1048576,10,FALSE) -> 0 | P68: =VLOOKUP(C68,Dataflow!$1:$1048576,10,FALSE) -> 19 | Q68: =VLOOKUP(C68,Dataproc!$1:$1048576,10,FALSE) -> 0 | R68: =VLOOKUP(C68,'Google Kubernetes Engine'!$1:$1048576,10,FALSE) -> 0 | S68: =VLOOKUP(C68,'Apigee API Management'!$1:$1048576,10,FALSE) -> 0 | T68: =VLOOKUP(C68,'Cloud Run'!$1:$1048576,10,FALSE) -> 0 | U68: =VLOOKUP(C68,Workspace!$1:$1048576,10,FALSE) -> 0 | V68: =VLOOKUP(C68,'Cloud SQL'!$1:$1048576,10,FALSE) -> 0 | W68: =VLOOKUP(C68,'AlloyDB for PostgreSQL'!$1:$1048576,10,FALSE) -> 0 | X68: =VLOOKUP(C68,Spanner!$1:$1048576,10,FALSE) -> 0 | Y68: =VLOOKUP(C68,Oracle!$1:$1048576,10,FALSE) -> 0 | Z68: =VLOOKUP(C68,'Google Compute Engine'!$1:$1048576,10,FALSE) -> 0 | AA68: =VLOOKUP(C68,'Google Cloud Networking'!$1:$1048576,10,FALSE) -> 0 | AB68: =VLOOKUP(C68,'SAP on Google Cloud'!$1:$1048576,10,FALSE) -> 0 | AC68: =VLOOKUP(C68,'Google Cloud VMware Engine'!$1:$1048576,10,FALSE) -> 0 | AD68: =VLOOKUP(C68,'Google Distributed Cloud'!$1:$1048576,10,FALSE) -> 0 | AE68: =VLOOKUP(C68,'Cloud Security'!$1:$1048576,10,FALSE) -> 0 | AF68: =VLOOKUP(C68,'Security Command Center'!$1:$1048576,10,FALSE) -> 0 | AG68: =VLOOKUP(C68,'Security Operations'!$1:$1048576,10,FALSE) -> 0 | AH68: =VLOOKUP(C68,'Google Threat Intelligence'!$1:$1048576,10,FALSE) -> 0 | AI68: =VLOOKUP(C68,'Vertex AI Platform'!$1:$1048576,10,FALSE) -> 0 | AJ68: =VLOOKUP(C68,'AI Applications'!$1:$1048576,10,FALSE) -> 0 | AK68: =VLOOKUP(C68,'Gemini Enterprise'!$1:$1048576,10,FALSE) -> 0 | AL68: =VLOOKUP(C68,'Customer Engagement Suite'!$1:$1048576,10,FALSE) -> 0 | AM68: =SUM(N68:AL68) -> 28
A69: CHI-20889 | B69: CHI | C69: Orlando Patino | D69: Senior Consultant | E69: L5 | F69: Walter Paredes | G69: CIDA-01 | H69: CIDA-01-6 | I69: Ops | J69: Project Manager | K69: SD | L69: Walter Paredes | M69: Generative AI Leader | N69: =VLOOKUP(C69,BigQuery!$1:$1048576,10,FALSE) -> 0 | O69: =VLOOKUP(C69,Looker!$1:$1048576,10,FALSE) -> 0 | P69: =VLOOKUP(C69,Dataflow!$1:$1048576,10,FALSE) -> 0 | Q69: =VLOOKUP(C69,Dataproc!$1:$1048576,10,FALSE) -> 0 | R69: =VLOOKUP(C69,'Google Kubernetes Engine'!$1:$1048576,10,FALSE) -> 0 | S69: =VLOOKUP(C69,'Apigee API Management'!$1:$1048576,10,FALSE) -> 0 | T69: =VLOOKUP(C69,'Cloud Run'!$1:$1048576,10,FALSE) -> 0 | U69: =VLOOKUP(C69,Workspace!$1:$1048576,10,FALSE) -> 0 | V69: =VLOOKUP(C69,'Cloud SQL'!$1:$1048576,10,FALSE) -> 0 | W69: =VLOOKUP(C69,'AlloyDB for PostgreSQL'!$1:$1048576,10,FALSE) -> 0 | X69: =VLOOKUP(C69,Spanner!$1:$1048576,10,FALSE) -> 0 | Y69: =VLOOKUP(C69,Oracle!$1:$1048576,10,FALSE) -> 0 | Z69: =VLOOKUP(C69,'Google Compute Engine'!$1:$1048576,10,FALSE) -> 0 | AA69: =VLOOKUP(C69,'Google Cloud Networking'!$1:$1048576,10,FALSE) -> 0 | AB69: =VLOOKUP(C69,'SAP on Google Cloud'!$1:$1048576,10,FALSE) -> 0 | AC69: =VLOOKUP(C69,'Google Cloud VMware Engine'!$1:$1048576,10,FALSE) -> 0 | AD69: =VLOOKUP(C69,'Google Distributed Cloud'!$1:$1048576,10,FALSE) -> 0 | AE69: =VLOOKUP(C69,'Cloud Security'!$1:$1048576,10,FALSE) -> 0 | AF69: =VLOOKUP(C69,'Security Command Center'!$1:$1048576,10,FALSE) -> 0 | AG69: =VLOOKUP(C69,'Security Operations'!$1:$1048576,10,FALSE) -> 0 | AH69: =VLOOKUP(C69,'Google Threat Intelligence'!$1:$1048576,10,FALSE) -> 0 | AI69: =VLOOKUP(C69,'Vertex AI Platform'!$1:$1048576,10,FALSE) -> 0 | AJ69: =VLOOKUP(C69,'AI Applications'!$1:$1048576,10,FALSE) -> 0 | AK69: =VLOOKUP(C69,'Gemini Enterprise'!$1:$1048576,10,FALSE) -> 0 | AL69: =VLOOKUP(C69,'Customer Engagement Suite'!$1:$1048576,10,FALSE) -> 0 | AM69: =SUM(N69:AL69) -> 0
A70: CHI-11455 | B70: CHI | C70: Pablo Saravia | D70: Senior Consultant | E70: L5 | F70: Gabriel Gajardo | G70: CIDA-01 | H70: CIDA-01-1 | I70: Ops | J70: BI Developer | K70: DE | L70: Venkatesh Coimbatore Kannan | N70: =VLOOKUP(C70,BigQuery!$1:$1048576,10,FALSE) -> 0 | O70: =VLOOKUP(C70,Looker!$1:$1048576,10,FALSE) -> 0 | P70: =VLOOKUP(C70,Dataflow!$1:$1048576,10,FALSE) -> 0 | Q70: =VLOOKUP(C70,Dataproc!$1:$1048576,10,FALSE) -> 0 | R70: =VLOOKUP(C70,'Google Kubernetes Engine'!$1:$1048576,10,FALSE) -> 0 | S70: =VLOOKUP(C70,'Apigee API Management'!$1:$1048576,10,FALSE) -> 0 | T70: =VLOOKUP(C70,'Cloud Run'!$1:$1048576,10,FALSE) -> 0 | U70: =VLOOKUP(C70,Workspace!$1:$1048576,10,FALSE) -> 0 | V70: =VLOOKUP(C70,'Cloud SQL'!$1:$1048576,10,FALSE) -> 0 | W70: =VLOOKUP(C70,'AlloyDB for PostgreSQL'!$1:$1048576,10,FALSE) -> 0 | X70: =VLOOKUP(C70,Spanner!$1:$1048576,10,FALSE) -> 0 | Y70: =VLOOKUP(C70,Oracle!$1:$1048576,10,FALSE) -> 0 | Z70: =VLOOKUP(C70,'Google Compute Engine'!$1:$1048576,10,FALSE) -> 0 | AA70: =VLOOKUP(C70,'Google Cloud Networking'!$1:$1048576,10,FALSE) -> 0 | AB70: =VLOOKUP(C70,'SAP on Google Cloud'!$1:$1048576,10,FALSE) -> 0 | AC70: =VLOOKUP(C70,'Google Cloud VMware Engine'!$1:$1048576,10,FALSE) -> 0 | AD70: =VLOOKUP(C70,'Google Distributed Cloud'!$1:$1048576,10,FALSE) -> 0 | AE70: =VLOOKUP(C70,'Cloud Security'!$1:$1048576,10,FALSE) -> 0 | AF70: =VLOOKUP(C70,'Security Command Center'!$1:$1048576,10,FALSE) -> 0 | AG70: =VLOOKUP(C70,'Security Operations'!$1:$1048576,10,FALSE) -> 0 | AH70: =VLOOKUP(C70,'Google Threat Intelligence'!$1:$1048576,10,FALSE) -> 0 | AI70: =VLOOKUP(C70,'Vertex AI Platform'!$1:$1048576,10,FALSE) -> 0 | AJ70: =VLOOKUP(C70,'AI Applications'!$1:$1048576,10,FALSE) -> 0 | AK70: =VLOOKUP(C70,'Gemini Enterprise'!$1:$1048576,10,FALSE) -> 0 | AL70: =VLOOKUP(C70,'Customer Engagement Suite'!$1:$1048576,10,FALSE) -> 0 | AM70: =SUM(N70:AL70) -> 0
A71: INC-23379 | B71: INC | C71: Polina Kotina | D71: Principal Consultant | E71: L6 | F71: Rajat Singh | G71: CIDA-05 | H71: CIDA-05-2 | I71: Ops | J71: Data Scientist | K71: DS | L71: Arnav Sharma | N71: =VLOOKUP(C71,BigQuery!$1:$1048576,10,FALSE) -> 0 | O71: =VLOOKUP(C71,Looker!$1:$1048576,10,FALSE) -> 0 | P71: =VLOOKUP(C71,Dataflow!$1:$1048576,10,FALSE) -> 0 | Q71: =VLOOKUP(C71,Dataproc!$1:$1048576,10,FALSE) -> 0 | R71: =VLOOKUP(C71,'Google Kubernetes Engine'!$1:$1048576,10,FALSE) -> 0 | S71: =VLOOKUP(C71,'Apigee API Management'!$1:$1048576,10,FALSE) -> 0 | T71: =VLOOKUP(C71,'Cloud Run'!$1:$1048576,10,FALSE) -> 0 | U71: =VLOOKUP(C71,Workspace!$1:$1048576,10,FALSE) -> 0 | V71: =VLOOKUP(C71,'Cloud SQL'!$1:$1048576,10,FALSE) -> 0 | W71: =VLOOKUP(C71,'AlloyDB for PostgreSQL'!$1:$1048576,10,FALSE) -> 0 | X71: =VLOOKUP(C71,Spanner!$1:$1048576,10,FALSE) -> 0 | Y71: =VLOOKUP(C71,Oracle!$1:$1048576,10,FALSE) -> 0 | Z71: =VLOOKUP(C71,'Google Compute Engine'!$1:$1048576,10,FALSE) -> 0 | AA71: =VLOOKUP(C71,'Google Cloud Networking'!$1:$1048576,10,FALSE) -> 0 | AB71: =VLOOKUP(C71,'SAP on Google Cloud'!$1:$1048576,10,FALSE) -> 0 | AC71: =VLOOKUP(C71,'Google Cloud VMware Engine'!$1:$1048576,10,FALSE) -> 0 | AD71: =VLOOKUP(C71,'Google Distributed Cloud'!$1:$1048576,10,FALSE) -> 0 | AE71: =VLOOKUP(C71,'Cloud Security'!$1:$1048576,10,FALSE) -> 0 | AF71: =VLOOKUP(C71,'Security Command Center'!$1:$1048576,10,FALSE) -> 0 | AG71: =VLOOKUP(C71,'Security Operations'!$1:$1048576,10,FALSE) -> 0 | AH71: =VLOOKUP(C71,'Google Threat Intelligence'!$1:$1048576,10,FALSE) -> 0 | AI71: =VLOOKUP(C71,'Vertex AI Platform'!$1:$1048576,10,FALSE) -> 0 | AJ71: =VLOOKUP(C71,'AI Applications'!$1:$1048576,10,FALSE) -> 0 | AK71: =VLOOKUP(C71,'Gemini Enterprise'!$1:$1048576,10,FALSE) -> 0 | AL71: =VLOOKUP(C71,'Customer Engagement Suite'!$1:$1048576,10,FALSE) -> 0 | AM71: =SUM(N71:AL71) -> 0
A72: INC-16698 | B72: INC | C72: Raman Bangalore Venkatakrishnan | D72: Principal Consultant | E72: L6 | F72: Walter Paredes | G72: CIDA-05 | H72: CIDA-05-4 | I72: GCP | J72: BI Developer | K72: BI | L72: Walter Paredes | N72: =VLOOKUP(C72,BigQuery!$1:$1048576,10,FALSE) -> 14 | O72: =VLOOKUP(C72,Looker!$1:$1048576,10,FALSE) -> 0 | P72: =VLOOKUP(C72,Dataflow!$1:$1048576,10,FALSE) -> 0 | Q72: =VLOOKUP(C72,Dataproc!$1:$1048576,10,FALSE) -> 14 | R72: =VLOOKUP(C72,'Google Kubernetes Engine'!$1:$1048576,10,FALSE) -> 0 | S72: =VLOOKUP(C72,'Apigee API Management'!$1:$1048576,10,FALSE) -> 0 | T72: =VLOOKUP(C72,'Cloud Run'!$1:$1048576,10,FALSE) -> 0 | U72: =VLOOKUP(C72,Workspace!$1:$1048576,10,FALSE) -> 0 | V72: =VLOOKUP(C72,'Cloud SQL'!$1:$1048576,10,FALSE) -> 0 | W72: =VLOOKUP(C72,'AlloyDB for PostgreSQL'!$1:$1048576,10,FALSE) -> 0 | X72: =VLOOKUP(C72,Spanner!$1:$1048576,10,FALSE) -> 0 | Y72: =VLOOKUP(C72,Oracle!$1:$1048576,10,FALSE) -> 0 | Z72: =VLOOKUP(C72,'Google Compute Engine'!$1:$1048576,10,FALSE) -> 0 | AA72: =VLOOKUP(C72,'Google Cloud Networking'!$1:$1048576,10,FALSE) -> 24 | AB72: =VLOOKUP(C72,'SAP on Google Cloud'!$1:$1048576,10,FALSE) -> 0 | AC72: =VLOOKUP(C72,'Google Cloud VMware Engine'!$1:$1048576,10,FALSE) -> 0 | AD72: =VLOOKUP(C72,'Google Distributed Cloud'!$1:$1048576,10,FALSE) -> 0 | AE72: =VLOOKUP(C72,'Cloud Security'!$1:$1048576,10,FALSE) -> 0 | AF72: =VLOOKUP(C72,'Security Command Center'!$1:$1048576,10,FALSE) -> 0 | AG72: =VLOOKUP(C72,'Security Operations'!$1:$1048576,10,FALSE) -> 0 | AH72: =VLOOKUP(C72,'Google Threat Intelligence'!$1:$1048576,10,FALSE) -> 0 | AI72: =VLOOKUP(C72,'Vertex AI Platform'!$1:$1048576,10,FALSE) -> 29 | AJ72: =VLOOKUP(C72,'AI Applications'!$1:$1048576,10,FALSE) -> 14 | AK72: =VLOOKUP(C72,'Gemini Enterprise'!$1:$1048576,10,FALSE) -> 14 | AL72: =VLOOKUP(C72,'Customer Engagement Suite'!$1:$1048576,10,FALSE) -> 14 | AM72: =SUM(N72:AL72) -> 123
A73: CAN-17611 | B73: CAN | C73: RAMANDEEP RATTAN | D73: Principal Consultant | E73: L6 | F73: Sidharth Choubey | G73: CIDA-05 | H73: CIDA-05-4 | I73: Ops | J73: BI Developer | K73: BI | L73: Walter Paredes | N73: =VLOOKUP(C73,BigQuery!$1:$1048576,10,FALSE) -> 0 | O73: =VLOOKUP(C73,Looker!$1:$1048576,10,FALSE) -> 0 | P73: =VLOOKUP(C73,Dataflow!$1:$1048576,10,FALSE) -> 0 | Q73: =VLOOKUP(C73,Dataproc!$1:$1048576,10,FALSE) -> 0 | R73: =VLOOKUP(C73,'Google Kubernetes Engine'!$1:$1048576,10,FALSE) -> 0 | S73: =VLOOKUP(C73,'Apigee API Management'!$1:$1048576,10,FALSE) -> 0 | T73: =VLOOKUP(C73,'Cloud Run'!$1:$1048576,10,FALSE) -> 0 | U73: =VLOOKUP(C73,Workspace!$1:$1048576,10,FALSE) -> 0 | V73: =VLOOKUP(C73,'Cloud SQL'!$1:$1048576,10,FALSE) -> 0 | W73: =VLOOKUP(C73,'AlloyDB for PostgreSQL'!$1:$1048576,10,FALSE) -> 0 | X73: =VLOOKUP(C73,Spanner!$1:$1048576,10,FALSE) -> 0 | Y73: =VLOOKUP(C73,Oracle!$1:$1048576,10,FALSE) -> 0 | Z73: =VLOOKUP(C73,'Google Compute Engine'!$1:$1048576,10,FALSE) -> 0 | AA73: =VLOOKUP(C73,'Google Cloud Networking'!$1:$1048576,10,FALSE) -> 0 | AB73: =VLOOKUP(C73,'SAP on Google Cloud'!$1:$1048576,10,FALSE) -> 0 | AC73: =VLOOKUP(C73,'Google Cloud VMware Engine'!$1:$1048576,10,FALSE) -> 0 | AD73: =VLOOKUP(C73,'Google Distributed Cloud'!$1:$1048576,10,FALSE) -> 0 | AE73: =VLOOKUP(C73,'Cloud Security'!$1:$1048576,10,FALSE) -> 0 | AF73: =VLOOKUP(C73,'Security Command Center'!$1:$1048576,10,FALSE) -> 0 | AG73: =VLOOKUP(C73,'Security Operations'!$1:$1048576,10,FALSE) -> 0 | AH73: =VLOOKUP(C73,'Google Threat Intelligence'!$1:$1048576,10,FALSE) -> 0 | AI73: =VLOOKUP(C73,'Vertex AI Platform'!$1:$1048576,10,FALSE) -> 0 | AJ73: =VLOOKUP(C73,'AI Applications'!$1:$1048576,10,FALSE) -> 0 | AK73: =VLOOKUP(C73,'Gemini Enterprise'!$1:$1048576,10,FALSE) -> 0 | AL73: =VLOOKUP(C73,'Customer Engagement Suite'!$1:$1048576,10,FALSE) -> 0 | AM73: =SUM(N73:AL73) -> 0
A74: COL-21964 | B74: COL | C74: Richard Saavedra | D74: Lead Engineer | E74: L4 | F74: Orlando Patino | G74: CIDA-01 | H74: CIDA-01-6 | I74: Ops | J74: Full Stack Developer | K74: SD | L74: Walter Paredes | M74: Professional Cloud DevOps Engineer | N74: =VLOOKUP(C74,BigQuery!$1:$1048576,10,FALSE) -> 0 | O74: =VLOOKUP(C74,Looker!$1:$1048576,10,FALSE) -> 0 | P74: =VLOOKUP(C74,Dataflow!$1:$1048576,10,FALSE) -> 0 | Q74: =VLOOKUP(C74,Dataproc!$1:$1048576,10,FALSE) -> 0 | R74: =VLOOKUP(C74,'Google Kubernetes Engine'!$1:$1048576,10,FALSE) -> 39 | S74: =VLOOKUP(C74,'Apigee API Management'!$1:$1048576,10,FALSE) -> 19 | T74: =VLOOKUP(C74,'Cloud Run'!$1:$1048576,10,FALSE) -> 39 | U74: =VLOOKUP(C74,Workspace!$1:$1048576,10,FALSE) -> 0 | V74: =VLOOKUP(C74,'Cloud SQL'!$1:$1048576,10,FALSE) -> 14 | W74: =VLOOKUP(C74,'AlloyDB for PostgreSQL'!$1:$1048576,10,FALSE) -> 0 | X74: =VLOOKUP(C74,Spanner!$1:$1048576,10,FALSE) -> 0 | Y74: =VLOOKUP(C74,Oracle!$1:$1048576,10,FALSE) -> 0 | Z74: =VLOOKUP(C74,'Google Compute Engine'!$1:$1048576,10,FALSE) -> 29 | AA74: =VLOOKUP(C74,'Google Cloud Networking'!$1:$1048576,10,FALSE) -> 29 | AB74: =VLOOKUP(C74,'SAP on Google Cloud'!$1:$1048576,10,FALSE) -> 0 | AC74: =VLOOKUP(C74,'Google Cloud VMware Engine'!$1:$1048576,10,FALSE) -> 0 | AD74: =VLOOKUP(C74,'Google Distributed Cloud'!$1:$1048576,10,FALSE) -> 0 | AE74: =VLOOKUP(C74,'Cloud Security'!$1:$1048576,10,FALSE) -> 14 | AF74: =VLOOKUP(C74,'Security Command Center'!$1:$1048576,10,FALSE) -> 0 | AG74: =VLOOKUP(C74,'Security Operations'!$1:$1048576,10,FALSE) -> 0 | AH74: =VLOOKUP(C74,'Google Threat Intelligence'!$1:$1048576,10,FALSE) -> 0 | AI74: =VLOOKUP(C74,'Vertex AI Platform'!$1:$1048576,10,FALSE) -> 0 | AJ74: =VLOOKUP(C74,'AI Applications'!$1:$1048576,10,FALSE) -> 0 | AK74: =VLOOKUP(C74,'Gemini Enterprise'!$1:$1048576,10,FALSE) -> 0 | AL74: =VLOOKUP(C74,'Customer Engagement Suite'!$1:$1048576,10,FALSE) -> 0 | AM74: =SUM(N74:AL74) -> 183
A75: CAN-21755 | B75: CAN | C75: Rimly Kar | D75: Consultant | E75: L4 | F75: Arnav Sharma | G75: CIDA-05 | H75: CIDA-05-2 | I75: Ops | J75: Data Scientist | K75: DS | L75: Arnav Sharma | N75: =VLOOKUP(C75,BigQuery!$1:$1048576,10,FALSE) -> 0 | O75: =VLOOKUP(C75,Looker!$1:$1048576,10,FALSE) -> 0 | P75: =VLOOKUP(C75,Dataflow!$1:$1048576,10,FALSE) -> 0 | Q75: =VLOOKUP(C75,Dataproc!$1:$1048576,10,FALSE) -> 0 | R75: =VLOOKUP(C75,'Google Kubernetes Engine'!$1:$1048576,10,FALSE) -> 0 | S75: =VLOOKUP(C75,'Apigee API Management'!$1:$1048576,10,FALSE) -> 0 | T75: =VLOOKUP(C75,'Cloud Run'!$1:$1048576,10,FALSE) -> 0 | U75: =VLOOKUP(C75,Workspace!$1:$1048576,10,FALSE) -> 0 | V75: =VLOOKUP(C75,'Cloud SQL'!$1:$1048576,10,FALSE) -> 0 | W75: =VLOOKUP(C75,'AlloyDB for PostgreSQL'!$1:$1048576,10,FALSE) -> 0 | X75: =VLOOKUP(C75,Spanner!$1:$1048576,10,FALSE) -> 0 | Y75: =VLOOKUP(C75,Oracle!$1:$1048576,10,FALSE) -> 0 | Z75: =VLOOKUP(C75,'Google Compute Engine'!$1:$1048576,10,FALSE) -> 0 | AA75: =VLOOKUP(C75,'Google Cloud Networking'!$1:$1048576,10,FALSE) -> 0 | AB75: =VLOOKUP(C75,'SAP on Google Cloud'!$1:$1048576,10,FALSE) -> 0 | AC75: =VLOOKUP(C75,'Google Cloud VMware Engine'!$1:$1048576,10,FALSE) -> 0 | AD75: =VLOOKUP(C75,'Google Distributed Cloud'!$1:$1048576,10,FALSE) -> 0 | AE75: =VLOOKUP(C75,'Cloud Security'!$1:$1048576,10,FALSE) -> 0 | AF75: =VLOOKUP(C75,'Security Command Center'!$1:$1048576,10,FALSE) -> 0 | AG75: =VLOOKUP(C75,'Security Operations'!$1:$1048576,10,FALSE) -> 0 | AH75: =VLOOKUP(C75,'Google Threat Intelligence'!$1:$1048576,10,FALSE) -> 0 | AI75: =VLOOKUP(C75,'Vertex AI Platform'!$1:$1048576,10,FALSE) -> 0 | AJ75: =VLOOKUP(C75,'AI Applications'!$1:$1048576,10,FALSE) -> 0 | AK75: =VLOOKUP(C75,'Gemini Enterprise'!$1:$1048576,10,FALSE) -> 0 | AL75: =VLOOKUP(C75,'Customer Engagement Suite'!$1:$1048576,10,FALSE) -> 0 | AM75: =SUM(N75:AL75) -> 0
A76: CHI-21457 | B76: CHI | C76: Ritimayee Sahu | D76: Senior Analyst | E76: L3 | F76: Tomy Ciociola | G76: CIDA-01 | H76: CIDA-01-1 | I76: Ops | J76: BI Developer | K76: DE | L76: Venkatesh Coimbatore Kannan | N76: =VLOOKUP(C76,BigQuery!$1:$1048576,10,FALSE) -> 0 | O76: =VLOOKUP(C76,Looker!$1:$1048576,10,FALSE) -> 0 | P76: =VLOOKUP(C76,Dataflow!$1:$1048576,10,FALSE) -> 0 | Q76: =VLOOKUP(C76,Dataproc!$1:$1048576,10,FALSE) -> 0 | R76: =VLOOKUP(C76,'Google Kubernetes Engine'!$1:$1048576,10,FALSE) -> 0 | S76: =VLOOKUP(C76,'Apigee API Management'!$1:$1048576,10,FALSE) -> 0 | T76: =VLOOKUP(C76,'Cloud Run'!$1:$1048576,10,FALSE) -> 0 | U76: =VLOOKUP(C76,Workspace!$1:$1048576,10,FALSE) -> 0 | V76: =VLOOKUP(C76,'Cloud SQL'!$1:$1048576,10,FALSE) -> 0 | W76: =VLOOKUP(C76,'AlloyDB for PostgreSQL'!$1:$1048576,10,FALSE) -> 0 | X76: =VLOOKUP(C76,Spanner!$1:$1048576,10,FALSE) -> 0 | Y76: =VLOOKUP(C76,Oracle!$1:$1048576,10,FALSE) -> 0 | Z76: =VLOOKUP(C76,'Google Compute Engine'!$1:$1048576,10,FALSE) -> 0 | AA76: =VLOOKUP(C76,'Google Cloud Networking'!$1:$1048576,10,FALSE) -> 0 | AB76: =VLOOKUP(C76,'SAP on Google Cloud'!$1:$1048576,10,FALSE) -> 0 | AC76: =VLOOKUP(C76,'Google Cloud VMware Engine'!$1:$1048576,10,FALSE) -> 0 | AD76: =VLOOKUP(C76,'Google Distributed Cloud'!$1:$1048576,10,FALSE) -> 0 | AE76: =VLOOKUP(C76,'Cloud Security'!$1:$1048576,10,FALSE) -> 0 | AF76: =VLOOKUP(C76,'Security Command Center'!$1:$1048576,10,FALSE) -> 0 | AG76: =VLOOKUP(C76,'Security Operations'!$1:$1048576,10,FALSE) -> 0 | AH76: =VLOOKUP(C76,'Google Threat Intelligence'!$1:$1048576,10,FALSE) -> 0 | AI76: =VLOOKUP(C76,'Vertex AI Platform'!$1:$1048576,10,FALSE) -> 0 | AJ76: =VLOOKUP(C76,'AI Applications'!$1:$1048576,10,FALSE) -> 0 | AK76: =VLOOKUP(C76,'Gemini Enterprise'!$1:$1048576,10,FALSE) -> 0 | AL76: =VLOOKUP(C76,'Customer Engagement Suite'!$1:$1048576,10,FALSE) -> 0 | AM76: =SUM(N76:AL76) -> 0
A77: CHI-24493 | B77: CHI | C77: Rodrigo Martinez | D77: Principal Consultant | E77: L6 | F77: Rajat Singh | G77: CIDA-08 | H77: CIDA-08-1 | I77: Ops | J77: Data Scientist | K77: DS | L77: Arnav Sharma | N77: =VLOOKUP(C77,BigQuery!$1:$1048576,10,FALSE) -> 0 | O77: =VLOOKUP(C77,Looker!$1:$1048576,10,FALSE) -> 0 | P77: =VLOOKUP(C77,Dataflow!$1:$1048576,10,FALSE) -> 0 | Q77: =VLOOKUP(C77,Dataproc!$1:$1048576,10,FALSE) -> 0 | R77: =VLOOKUP(C77,'Google Kubernetes Engine'!$1:$1048576,10,FALSE) -> 0 | S77: =VLOOKUP(C77,'Apigee API Management'!$1:$1048576,10,FALSE) -> 0 | T77: =VLOOKUP(C77,'Cloud Run'!$1:$1048576,10,FALSE) -> 0 | U77: =VLOOKUP(C77,Workspace!$1:$1048576,10,FALSE) -> 0 | V77: =VLOOKUP(C77,'Cloud SQL'!$1:$1048576,10,FALSE) -> 0 | W77: =VLOOKUP(C77,'AlloyDB for PostgreSQL'!$1:$1048576,10,FALSE) -> 0 | X77: =VLOOKUP(C77,Spanner!$1:$1048576,10,FALSE) -> 0 | Y77: =VLOOKUP(C77,Oracle!$1:$1048576,10,FALSE) -> 0 | Z77: =VLOOKUP(C77,'Google Compute Engine'!$1:$1048576,10,FALSE) -> 0 | AA77: =VLOOKUP(C77,'Google Cloud Networking'!$1:$1048576,10,FALSE) -> 0 | AB77: =VLOOKUP(C77,'SAP on Google Cloud'!$1:$1048576,10,FALSE) -> 0 | AC77: =VLOOKUP(C77,'Google Cloud VMware Engine'!$1:$1048576,10,FALSE) -> 0 | AD77: =VLOOKUP(C77,'Google Distributed Cloud'!$1:$1048576,10,FALSE) -> 0 | AE77: =VLOOKUP(C77,'Cloud Security'!$1:$1048576,10,FALSE) -> 0 | AF77: =VLOOKUP(C77,'Security Command Center'!$1:$1048576,10,FALSE) -> 0 | AG77: =VLOOKUP(C77,'Security Operations'!$1:$1048576,10,FALSE) -> 0 | AH77: =VLOOKUP(C77,'Google Threat Intelligence'!$1:$1048576,10,FALSE) -> 0 | AI77: =VLOOKUP(C77,'Vertex AI Platform'!$1:$1048576,10,FALSE) -> 0 | AJ77: =VLOOKUP(C77,'AI Applications'!$1:$1048576,10,FALSE) -> 0 | AK77: =VLOOKUP(C77,'Gemini Enterprise'!$1:$1048576,10,FALSE) -> 0 | AL77: =VLOOKUP(C77,'Customer Engagement Suite'!$1:$1048576,10,FALSE) -> 0 | AM77: =SUM(N77:AL77) -> 0
A78: CHI-10777 | B78: CHI | C78: Sebastian Palominos | D78: Senior Consultant | E78: L5 | F78: Nishant Saxena | G78: CIDA-01 | H78: CIDA-01-3 | I78: Ops | J78: Digital analyst | K78: DM | L78: Nishant Saxena | N78: =VLOOKUP(C78,BigQuery!$1:$1048576,10,FALSE) -> 0 | O78: =VLOOKUP(C78,Looker!$1:$1048576,10,FALSE) -> 0 | P78: =VLOOKUP(C78,Dataflow!$1:$1048576,10,FALSE) -> 0 | Q78: =VLOOKUP(C78,Dataproc!$1:$1048576,10,FALSE) -> 0 | R78: =VLOOKUP(C78,'Google Kubernetes Engine'!$1:$1048576,10,FALSE) -> 0 | S78: =VLOOKUP(C78,'Apigee API Management'!$1:$1048576,10,FALSE) -> 0 | T78: =VLOOKUP(C78,'Cloud Run'!$1:$1048576,10,FALSE) -> 0 | U78: =VLOOKUP(C78,Workspace!$1:$1048576,10,FALSE) -> 0 | V78: =VLOOKUP(C78,'Cloud SQL'!$1:$1048576,10,FALSE) -> 0 | W78: =VLOOKUP(C78,'AlloyDB for PostgreSQL'!$1:$1048576,10,FALSE) -> 0 | X78: =VLOOKUP(C78,Spanner!$1:$1048576,10,FALSE) -> 0 | Y78: =VLOOKUP(C78,Oracle!$1:$1048576,10,FALSE) -> 0 | Z78: =VLOOKUP(C78,'Google Compute Engine'!$1:$1048576,10,FALSE) -> 0 | AA78: =VLOOKUP(C78,'Google Cloud Networking'!$1:$1048576,10,FALSE) -> 0 | AB78: =VLOOKUP(C78,'SAP on Google Cloud'!$1:$1048576,10,FALSE) -> 0 | AC78: =VLOOKUP(C78,'Google Cloud VMware Engine'!$1:$1048576,10,FALSE) -> 0 | AD78: =VLOOKUP(C78,'Google Distributed Cloud'!$1:$1048576,10,FALSE) -> 0 | AE78: =VLOOKUP(C78,'Cloud Security'!$1:$1048576,10,FALSE) -> 0 | AF78: =VLOOKUP(C78,'Security Command Center'!$1:$1048576,10,FALSE) -> 0 | AG78: =VLOOKUP(C78,'Security Operations'!$1:$1048576,10,FALSE) -> 0 | AH78: =VLOOKUP(C78,'Google Threat Intelligence'!$1:$1048576,10,FALSE) -> 0 | AI78: =VLOOKUP(C78,'Vertex AI Platform'!$1:$1048576,10,FALSE) -> 0 | AJ78: =VLOOKUP(C78,'AI Applications'!$1:$1048576,10,FALSE) -> 0 | AK78: =VLOOKUP(C78,'Gemini Enterprise'!$1:$1048576,10,FALSE) -> 0 | AL78: =VLOOKUP(C78,'Customer Engagement Suite'!$1:$1048576,10,FALSE) -> 0 | AM78: =SUM(N78:AL78) -> 0
A79: INC-24213 | B79: INC | C79: Shrestha Sai Laxmi Yadavilli | D79: Consultant | E79: L4 | F79: Arnav Sharma | G79: CIDA-05 | H79: CIDA-05-2 | I79: Ops | J79: Data Scientist | K79: DS | L79: Arnav Sharma | N79: =VLOOKUP(C79,BigQuery!$1:$1048576,10,FALSE) -> 0 | O79: =VLOOKUP(C79,Looker!$1:$1048576,10,FALSE) -> 0 | P79: =VLOOKUP(C79,Dataflow!$1:$1048576,10,FALSE) -> 0 | Q79: =VLOOKUP(C79,Dataproc!$1:$1048576,10,FALSE) -> 0 | R79: =VLOOKUP(C79,'Google Kubernetes Engine'!$1:$1048576,10,FALSE) -> 0 | S79: =VLOOKUP(C79,'Apigee API Management'!$1:$1048576,10,FALSE) -> 0 | T79: =VLOOKUP(C79,'Cloud Run'!$1:$1048576,10,FALSE) -> 0 | U79: =VLOOKUP(C79,Workspace!$1:$1048576,10,FALSE) -> 0 | V79: =VLOOKUP(C79,'Cloud SQL'!$1:$1048576,10,FALSE) -> 0 | W79: =VLOOKUP(C79,'AlloyDB for PostgreSQL'!$1:$1048576,10,FALSE) -> 0 | X79: =VLOOKUP(C79,Spanner!$1:$1048576,10,FALSE) -> 0 | Y79: =VLOOKUP(C79,Oracle!$1:$1048576,10,FALSE) -> 0 | Z79: =VLOOKUP(C79,'Google Compute Engine'!$1:$1048576,10,FALSE) -> 0 | AA79: =VLOOKUP(C79,'Google Cloud Networking'!$1:$1048576,10,FALSE) -> 0 | AB79: =VLOOKUP(C79,'SAP on Google Cloud'!$1:$1048576,10,FALSE) -> 0 | AC79: =VLOOKUP(C79,'Google Cloud VMware Engine'!$1:$1048576,10,FALSE) -> 0 | AD79: =VLOOKUP(C79,'Google Distributed Cloud'!$1:$1048576,10,FALSE) -> 0 | AE79: =VLOOKUP(C79,'Cloud Security'!$1:$1048576,10,FALSE) -> 0 | AF79: =VLOOKUP(C79,'Security Command Center'!$1:$1048576,10,FALSE) -> 0 | AG79: =VLOOKUP(C79,'Security Operations'!$1:$1048576,10,FALSE) -> 0 | AH79: =VLOOKUP(C79,'Google Threat Intelligence'!$1:$1048576,10,FALSE) -> 0 | AI79: =VLOOKUP(C79,'Vertex AI Platform'!$1:$1048576,10,FALSE) -> 13 | AJ79: =VLOOKUP(C79,'AI Applications'!$1:$1048576,10,FALSE) -> 13 | AK79: =VLOOKUP(C79,'Gemini Enterprise'!$1:$1048576,10,FALSE) -> 13 | AL79: =VLOOKUP(C79,'Customer Engagement Suite'!$1:$1048576,10,FALSE) -> 13 | AM79: =SUM(N79:AL79) -> 52
A80: INC-14982 | B80: INC | C80: Sidharth Choubey | D80: Associate Director | E80: L7 | F80: Rajat Singh | G80: CIDA-05 | H80: CIDA-05-4 | I80: Ops | J80: BI Developer | K80: BI | L80: Walter Paredes | N80: =VLOOKUP(C80,BigQuery!$1:$1048576,10,FALSE) -> #N/A | O80: =VLOOKUP(C80,Looker!$1:$1048576,10,FALSE) -> #N/A | P80: =VLOOKUP(C80,Dataflow!$1:$1048576,10,FALSE) -> #N/A | Q80: =VLOOKUP(C80,Dataproc!$1:$1048576,10,FALSE) -> #N/A | R80: =VLOOKUP(C80,'Google Kubernetes Engine'!$1:$1048576,10,FALSE) -> #N/A | S80: =VLOOKUP(C80,'Apigee API Management'!$1:$1048576,10,FALSE) -> #N/A | T80: =VLOOKUP(C80,'Cloud Run'!$1:$1048576,10,FALSE) -> #N/A | U80: =VLOOKUP(C80,Workspace!$1:$1048576,10,FALSE) -> #N/A | V80: =VLOOKUP(C80,'Cloud SQL'!$1:$1048576,10,FALSE) -> #N/A | W80: =VLOOKUP(C80,'AlloyDB for PostgreSQL'!$1:$1048576,10,FALSE) -> #N/A | X80: =VLOOKUP(C80,Spanner!$1:$1048576,10,FALSE) -> #N/A | Y80: =VLOOKUP(C80,Oracle!$1:$1048576,10,FALSE) -> #N/A | Z80: =VLOOKUP(C80,'Google Compute Engine'!$1:$1048576,10,FALSE) -> #N/A | AA80: =VLOOKUP(C80,'Google Cloud Networking'!$1:$1048576,10,FALSE) -> #N/A | AB80: =VLOOKUP(C80,'SAP on Google Cloud'!$1:$1048576,10,FALSE) -> #N/A | AC80: =VLOOKUP(C80,'Google Cloud VMware Engine'!$1:$1048576,10,FALSE) -> #N/A | AD80: =VLOOKUP(C80,'Google Distributed Cloud'!$1:$1048576,10,FALSE) -> #N/A | AE80: =VLOOKUP(C80,'Cloud Security'!$1:$1048576,10,FALSE) -> #N/A | AF80: =VLOOKUP(C80,'Security Command Center'!$1:$1048576,10,FALSE) -> #N/A | AG80: =VLOOKUP(C80,'Security Operations'!$1:$1048576,10,FALSE) -> #N/A | AH80: =VLOOKUP(C80,'Google Threat Intelligence'!$1:$1048576,10,FALSE) -> #N/A | AI80: =VLOOKUP(C80,'Vertex AI Platform'!$1:$1048576,10,FALSE) -> #N/A | AJ80: =VLOOKUP(C80,'AI Applications'!$1:$1048576,10,FALSE) -> #N/A | AK80: =VLOOKUP(C80,'Gemini Enterprise'!$1:$1048576,10,FALSE) -> #N/A | AL80: =VLOOKUP(C80,'Customer Engagement Suite'!$1:$1048576,10,FALSE) -> #N/A | AM80: =SUM(N80:AL80) -> #N/A
A81: CAN-19471 | B81: CAN | C81: Simant Priyadarshi | D81: Principal Consultant | E81: L6 | F81: Venkatesh Kannan | G81: CIDA-05 | H81: CIDA-05-1 | I81: Ops | J81: Data Engineer | K81: DE | L81: Venkatesh Coimbatore Kannan | N81: =VLOOKUP(C81,BigQuery!$1:$1048576,10,FALSE) -> 0 | O81: =VLOOKUP(C81,Looker!$1:$1048576,10,FALSE) -> 0 | P81: =VLOOKUP(C81,Dataflow!$1:$1048576,10,FALSE) -> 0 | Q81: =VLOOKUP(C81,Dataproc!$1:$1048576,10,FALSE) -> 0 | R81: =VLOOKUP(C81,'Google Kubernetes Engine'!$1:$1048576,10,FALSE) -> 0 | S81: =VLOOKUP(C81,'Apigee API Management'!$1:$1048576,10,FALSE) -> 0 | T81: =VLOOKUP(C81,'Cloud Run'!$1:$1048576,10,FALSE) -> 0 | U81: =VLOOKUP(C81,Workspace!$1:$1048576,10,FALSE) -> 0 | V81: =VLOOKUP(C81,'Cloud SQL'!$1:$1048576,10,FALSE) -> 0 | W81: =VLOOKUP(C81,'AlloyDB for PostgreSQL'!$1:$1048576,10,FALSE) -> 0 | X81: =VLOOKUP(C81,Spanner!$1:$1048576,10,FALSE) -> 0 | Y81: =VLOOKUP(C81,Oracle!$1:$1048576,10,FALSE) -> 0 | Z81: =VLOOKUP(C81,'Google Compute Engine'!$1:$1048576,10,FALSE) -> 0 | AA81: =VLOOKUP(C81,'Google Cloud Networking'!$1:$1048576,10,FALSE) -> 0 | AB81: =VLOOKUP(C81,'SAP on Google Cloud'!$1:$1048576,10,FALSE) -> 0 | AC81: =VLOOKUP(C81,'Google Cloud VMware Engine'!$1:$1048576,10,FALSE) -> 0 | AD81: =VLOOKUP(C81,'Google Distributed Cloud'!$1:$1048576,10,FALSE) -> 0 | AE81: =VLOOKUP(C81,'Cloud Security'!$1:$1048576,10,FALSE) -> 0 | AF81: =VLOOKUP(C81,'Security Command Center'!$1:$1048576,10,FALSE) -> 0 | AG81: =VLOOKUP(C81,'Security Operations'!$1:$1048576,10,FALSE) -> 0 | AH81: =VLOOKUP(C81,'Google Threat Intelligence'!$1:$1048576,10,FALSE) -> 0 | AI81: =VLOOKUP(C81,'Vertex AI Platform'!$1:$1048576,10,FALSE) -> 0 | AJ81: =VLOOKUP(C81,'AI Applications'!$1:$1048576,10,FALSE) -> 0 | AK81: =VLOOKUP(C81,'Gemini Enterprise'!$1:$1048576,10,FALSE) -> 0 | AL81: =VLOOKUP(C81,'Customer Engagement Suite'!$1:$1048576,10,FALSE) -> 0 | AM81: =SUM(N81:AL81) -> 0
A82: INC-21977 | B82: INC | C82: Soniya Deshpande | D82: Consultant | E82: L4 | F82: Ankit Pandey | G82: CIDA-05 | H82: CIDA-05-2 | I82: Ops | J82: Business Systems Analyst | K82: DS | L82: Tushar Gupta | N82: =VLOOKUP(C82,BigQuery!$1:$1048576,10,FALSE) -> 0 | O82: =VLOOKUP(C82,Looker!$1:$1048576,10,FALSE) -> 0 | P82: =VLOOKUP(C82,Dataflow!$1:$1048576,10,FALSE) -> 0 | Q82: =VLOOKUP(C82,Dataproc!$1:$1048576,10,FALSE) -> 0 | R82: =VLOOKUP(C82,'Google Kubernetes Engine'!$1:$1048576,10,FALSE) -> 0 | S82: =VLOOKUP(C82,'Apigee API Management'!$1:$1048576,10,FALSE) -> 0 | T82: =VLOOKUP(C82,'Cloud Run'!$1:$1048576,10,FALSE) -> 0 | U82: =VLOOKUP(C82,Workspace!$1:$1048576,10,FALSE) -> 0 | V82: =VLOOKUP(C82,'Cloud SQL'!$1:$1048576,10,FALSE) -> 0 | W82: =VLOOKUP(C82,'AlloyDB for PostgreSQL'!$1:$1048576,10,FALSE) -> 0 | X82: =VLOOKUP(C82,Spanner!$1:$1048576,10,FALSE) -> 0 | Y82: =VLOOKUP(C82,Oracle!$1:$1048576,10,FALSE) -> 0 | Z82: =VLOOKUP(C82,'Google Compute Engine'!$1:$1048576,10,FALSE) -> 0 | AA82: =VLOOKUP(C82,'Google Cloud Networking'!$1:$1048576,10,FALSE) -> 0 | AB82: =VLOOKUP(C82,'SAP on Google Cloud'!$1:$1048576,10,FALSE) -> 0 | AC82: =VLOOKUP(C82,'Google Cloud VMware Engine'!$1:$1048576,10,FALSE) -> 0 | AD82: =VLOOKUP(C82,'Google Distributed Cloud'!$1:$1048576,10,FALSE) -> 0 | AE82: =VLOOKUP(C82,'Cloud Security'!$1:$1048576,10,FALSE) -> 0 | AF82: =VLOOKUP(C82,'Security Command Center'!$1:$1048576,10,FALSE) -> 0 | AG82: =VLOOKUP(C82,'Security Operations'!$1:$1048576,10,FALSE) -> 0 | AH82: =VLOOKUP(C82,'Google Threat Intelligence'!$1:$1048576,10,FALSE) -> 0 | AI82: =VLOOKUP(C82,'Vertex AI Platform'!$1:$1048576,10,FALSE) -> 0 | AJ82: =VLOOKUP(C82,'AI Applications'!$1:$1048576,10,FALSE) -> 0 | AK82: =VLOOKUP(C82,'Gemini Enterprise'!$1:$1048576,10,FALSE) -> 0 | AL82: =VLOOKUP(C82,'Customer Engagement Suite'!$1:$1048576,10,FALSE) -> 0 | AM82: =SUM(N82:AL82) -> 0
A83: CHI-13092 | B83: CHI | C83: Tomas Fernandez | D83: Senior Analyst | E83: L3 | F83: Raman Bangalore Venkatakr | G83: CIDA-01 | H83: CIDA-01-4 | I83: Ops | J83: BI Developer | K83: BI | L83: Walter Paredes | N83: =VLOOKUP(C83,BigQuery!$1:$1048576,10,FALSE) -> 0 | O83: =VLOOKUP(C83,Looker!$1:$1048576,10,FALSE) -> 10 | P83: =VLOOKUP(C83,Dataflow!$1:$1048576,10,FALSE) -> 0 | Q83: =VLOOKUP(C83,Dataproc!$1:$1048576,10,FALSE) -> 0 | R83: =VLOOKUP(C83,'Google Kubernetes Engine'!$1:$1048576,10,FALSE) -> 0 | S83: =VLOOKUP(C83,'Apigee API Management'!$1:$1048576,10,FALSE) -> 0 | T83: =VLOOKUP(C83,'Cloud Run'!$1:$1048576,10,FALSE) -> 0 | U83: =VLOOKUP(C83,Workspace!$1:$1048576,10,FALSE) -> 5 | V83: =VLOOKUP(C83,'Cloud SQL'!$1:$1048576,10,FALSE) -> 0 | W83: =VLOOKUP(C83,'AlloyDB for PostgreSQL'!$1:$1048576,10,FALSE) -> 0 | X83: =VLOOKUP(C83,Spanner!$1:$1048576,10,FALSE) -> 0 | Y83: =VLOOKUP(C83,Oracle!$1:$1048576,10,FALSE) -> 0 | Z83: =VLOOKUP(C83,'Google Compute Engine'!$1:$1048576,10,FALSE) -> 0 | AA83: =VLOOKUP(C83,'Google Cloud Networking'!$1:$1048576,10,FALSE) -> 0 | AB83: =VLOOKUP(C83,'SAP on Google Cloud'!$1:$1048576,10,FALSE) -> 0 | AC83: =VLOOKUP(C83,'Google Cloud VMware Engine'!$1:$1048576,10,FALSE) -> 0 | AD83: =VLOOKUP(C83,'Google Distributed Cloud'!$1:$1048576,10,FALSE) -> 0 | AE83: =VLOOKUP(C83,'Cloud Security'!$1:$1048576,10,FALSE) -> 0 | AF83: =VLOOKUP(C83,'Security Command Center'!$1:$1048576,10,FALSE) -> 0 | AG83: =VLOOKUP(C83,'Security Operations'!$1:$1048576,10,FALSE) -> 0 | AH83: =VLOOKUP(C83,'Google Threat Intelligence'!$1:$1048576,10,FALSE) -> 0 | AI83: =VLOOKUP(C83,'Vertex AI Platform'!$1:$1048576,10,FALSE) -> 0 | AJ83: =VLOOKUP(C83,'AI Applications'!$1:$1048576,10,FALSE) -> 0 | AK83: =VLOOKUP(C83,'Gemini Enterprise'!$1:$1048576,10,FALSE) -> 0 | AL83: =VLOOKUP(C83,'Customer Engagement Suite'!$1:$1048576,10,FALSE) -> 0 | AM83: =SUM(N83:AL83) -> 15
A84: CHI-15781 | B84: CHI | C84: Tomy Ciociola | D84: Consultant | E84: L4 | F84: Diego Cordova | G84: CIDA-01 | H84: CIDA-01-1 | I84: Ops | J84: BI Developer | K84: DE | L84: Venkatesh Coimbatore Kannan | N84: =VLOOKUP(C84,BigQuery!$1:$1048576,10,FALSE) -> 0 | O84: =VLOOKUP(C84,Looker!$1:$1048576,10,FALSE) -> 0 | P84: =VLOOKUP(C84,Dataflow!$1:$1048576,10,FALSE) -> 0 | Q84: =VLOOKUP(C84,Dataproc!$1:$1048576,10,FALSE) -> 0 | R84: =VLOOKUP(C84,'Google Kubernetes Engine'!$1:$1048576,10,FALSE) -> 0 | S84: =VLOOKUP(C84,'Apigee API Management'!$1:$1048576,10,FALSE) -> 0 | T84: =VLOOKUP(C84,'Cloud Run'!$1:$1048576,10,FALSE) -> 0 | U84: =VLOOKUP(C84,Workspace!$1:$1048576,10,FALSE) -> 0 | V84: =VLOOKUP(C84,'Cloud SQL'!$1:$1048576,10,FALSE) -> 0 | W84: =VLOOKUP(C84,'AlloyDB for PostgreSQL'!$1:$1048576,10,FALSE) -> 0 | X84: =VLOOKUP(C84,Spanner!$1:$1048576,10,FALSE) -> 0 | Y84: =VLOOKUP(C84,Oracle!$1:$1048576,10,FALSE) -> 0 | Z84: =VLOOKUP(C84,'Google Compute Engine'!$1:$1048576,10,FALSE) -> 0 | AA84: =VLOOKUP(C84,'Google Cloud Networking'!$1:$1048576,10,FALSE) -> 0 | AB84: =VLOOKUP(C84,'SAP on Google Cloud'!$1:$1048576,10,FALSE) -> 0 | AC84: =VLOOKUP(C84,'Google Cloud VMware Engine'!$1:$1048576,10,FALSE) -> 0 | AD84: =VLOOKUP(C84,'Google Distributed Cloud'!$1:$1048576,10,FALSE) -> 0 | AE84: =VLOOKUP(C84,'Cloud Security'!$1:$1048576,10,FALSE) -> 0 | AF84: =VLOOKUP(C84,'Security Command Center'!$1:$1048576,10,FALSE) -> 0 | AG84: =VLOOKUP(C84,'Security Operations'!$1:$1048576,10,FALSE) -> 0 | AH84: =VLOOKUP(C84,'Google Threat Intelligence'!$1:$1048576,10,FALSE) -> 0 | AI84: =VLOOKUP(C84,'Vertex AI Platform'!$1:$1048576,10,FALSE) -> 0 | AJ84: =VLOOKUP(C84,'AI Applications'!$1:$1048576,10,FALSE) -> 0 | AK84: =VLOOKUP(C84,'Gemini Enterprise'!$1:$1048576,10,FALSE) -> 0 | AL84: =VLOOKUP(C84,'Customer Engagement Suite'!$1:$1048576,10,FALSE) -> #N/A | AM84: =SUM(N84:AL84) -> #N/A
A85: INC-21304 | B85: INC | C85: Venkatesh Coimbatore Kannan | D85: Principal Consultant | E85: L6 | F85: Rajat Singh | G85: CIDA-05 | H85: CIDA-05-M1 | I85: GCP | J85: Data Engineer | K85: DE | L85: Venkatesh Coimbatore Kannan | N85: =VLOOKUP(C85,BigQuery!$1:$1048576,10,FALSE) -> 44 | O85: =VLOOKUP(C85,Looker!$1:$1048576,10,FALSE) -> 19 | P85: =VLOOKUP(C85,Dataflow!$1:$1048576,10,FALSE) -> 34 | Q85: =VLOOKUP(C85,Dataproc!$1:$1048576,10,FALSE) -> 29 | R85: =VLOOKUP(C85,'Google Kubernetes Engine'!$1:$1048576,10,FALSE) -> 14 | S85: =VLOOKUP(C85,'Apigee API Management'!$1:$1048576,10,FALSE) -> 0 | T85: =VLOOKUP(C85,'Cloud Run'!$1:$1048576,10,FALSE) -> 0 | U85: =VLOOKUP(C85,Workspace!$1:$1048576,10,FALSE) -> 0 | V85: =VLOOKUP(C85,'Cloud SQL'!$1:$1048576,10,FALSE) -> 0 | W85: =VLOOKUP(C85,'AlloyDB for PostgreSQL'!$1:$1048576,10,FALSE) -> 0 | X85: =VLOOKUP(C85,Spanner!$1:$1048576,10,FALSE) -> 0 | Y85: =VLOOKUP(C85,Oracle!$1:$1048576,10,FALSE) -> 19 | Z85: =VLOOKUP(C85,'Google Compute Engine'!$1:$1048576,10,FALSE) -> 19 | AA85: =VLOOKUP(C85,'Google Cloud Networking'!$1:$1048576,10,FALSE) -> 0 | AB85: =VLOOKUP(C85,'SAP on Google Cloud'!$1:$1048576,10,FALSE) -> 24 | AC85: =VLOOKUP(C85,'Google Cloud VMware Engine'!$1:$1048576,10,FALSE) -> 19 | AD85: =VLOOKUP(C85,'Google Distributed Cloud'!$1:$1048576,10,FALSE) -> 19 | AE85: =VLOOKUP(C85,'Cloud Security'!$1:$1048576,10,FALSE) -> 0 | AF85: =VLOOKUP(C85,'Security Command Center'!$1:$1048576,10,FALSE) -> 0 | AG85: =VLOOKUP(C85,'Security Operations'!$1:$1048576,10,FALSE) -> 0 | AH85: =VLOOKUP(C85,'Google Threat Intelligence'!$1:$1048576,10,FALSE) -> 0 | AI85: =VLOOKUP(C85,'Vertex AI Platform'!$1:$1048576,10,FALSE) -> 24 | AJ85: =VLOOKUP(C85,'AI Applications'!$1:$1048576,10,FALSE) -> 0 | AK85: =VLOOKUP(C85,'Gemini Enterprise'!$1:$1048576,10,FALSE) -> 0 | AL85: =VLOOKUP(C85,'Customer Engagement Suite'!$1:$1048576,10,FALSE) -> 0 | AM85: =SUM(N85:AL85) -> 264
A86: CHI-20391 | B86: CHI | C86: Victor Bustos | D86: Junior Engineer | E86: L1 | F86: Maria Ramirez | G86: CIDA-01 | H86: CIDA-01-6 | I86: Ops | J86: Full Stack Developer | K86: SD | L86: Walter Paredes | M86: Professional Cloud Developer | N86: =VLOOKUP(C86,BigQuery!$1:$1048576,10,FALSE) -> 0 | O86: =VLOOKUP(C86,Looker!$1:$1048576,10,FALSE) -> 0 | P86: =VLOOKUP(C86,Dataflow!$1:$1048576,10,FALSE) -> 0 | Q86: =VLOOKUP(C86,Dataproc!$1:$1048576,10,FALSE) -> 0 | R86: =VLOOKUP(C86,'Google Kubernetes Engine'!$1:$1048576,10,FALSE) -> 0 | S86: =VLOOKUP(C86,'Apigee API Management'!$1:$1048576,10,FALSE) -> 0 | T86: =VLOOKUP(C86,'Cloud Run'!$1:$1048576,10,FALSE) -> 0 | U86: =VLOOKUP(C86,Workspace!$1:$1048576,10,FALSE) -> 0 | V86: =VLOOKUP(C86,'Cloud SQL'!$1:$1048576,10,FALSE) -> 0 | W86: =VLOOKUP(C86,'AlloyDB for PostgreSQL'!$1:$1048576,10,FALSE) -> 0 | X86: =VLOOKUP(C86,Spanner!$1:$1048576,10,FALSE) -> 0 | Y86: =VLOOKUP(C86,Oracle!$1:$1048576,10,FALSE) -> 0 | Z86: =VLOOKUP(C86,'Google Compute Engine'!$1:$1048576,10,FALSE) -> 0 | AA86: =VLOOKUP(C86,'Google Cloud Networking'!$1:$1048576,10,FALSE) -> 0 | AB86: =VLOOKUP(C86,'SAP on Google Cloud'!$1:$1048576,10,FALSE) -> 0 | AC86: =VLOOKUP(C86,'Google Cloud VMware Engine'!$1:$1048576,10,FALSE) -> 0 | AD86: =VLOOKUP(C86,'Google Distributed Cloud'!$1:$1048576,10,FALSE) -> 0 | AE86: =VLOOKUP(C86,'Cloud Security'!$1:$1048576,10,FALSE) -> 0 | AF86: =VLOOKUP(C86,'Security Command Center'!$1:$1048576,10,FALSE) -> 0 | AG86: =VLOOKUP(C86,'Security Operations'!$1:$1048576,10,FALSE) -> 0 | AH86: =VLOOKUP(C86,'Google Threat Intelligence'!$1:$1048576,10,FALSE) -> 0 | AI86: =VLOOKUP(C86,'Vertex AI Platform'!$1:$1048576,10,FALSE) -> 0 | AJ86: =VLOOKUP(C86,'AI Applications'!$1:$1048576,10,FALSE) -> 0 | AK86: =VLOOKUP(C86,'Gemini Enterprise'!$1:$1048576,10,FALSE) -> 0 | AL86: =VLOOKUP(C86,'Customer Engagement Suite'!$1:$1048576,10,FALSE) -> 0 | AM86: =SUM(N86:AL86) -> 0
A87: CHI-14452 | B87: CHI | C87: Walter Paredes | D87: Associate Director | E87: L7 | F87: Rajat Singh | G87: CIDA-01 | H87: CIDA-01-M1 | I87: Ops G&A | J87: Others | K87: SD | L87: Walter Paredes | N87: =VLOOKUP(C87,BigQuery!$1:$1048576,10,FALSE) -> 0 | O87: =VLOOKUP(C87,Looker!$1:$1048576,10,FALSE) -> 0 | P87: =VLOOKUP(C87,Dataflow!$1:$1048576,10,FALSE) -> 0 | Q87: =VLOOKUP(C87,Dataproc!$1:$1048576,10,FALSE) -> 0 | R87: =VLOOKUP(C87,'Google Kubernetes Engine'!$1:$1048576,10,FALSE) -> 0 | S87: =VLOOKUP(C87,'Apigee API Management'!$1:$1048576,10,FALSE) -> 0 | T87: =VLOOKUP(C87,'Cloud Run'!$1:$1048576,10,FALSE) -> 0 | U87: =VLOOKUP(C87,Workspace!$1:$1048576,10,FALSE) -> 0 | V87: =VLOOKUP(C87,'Cloud SQL'!$1:$1048576,10,FALSE) -> 0 | W87: =VLOOKUP(C87,'AlloyDB for PostgreSQL'!$1:$1048576,10,FALSE) -> 0 | X87: =VLOOKUP(C87,Spanner!$1:$1048576,10,FALSE) -> 0 | Y87: =VLOOKUP(C87,Oracle!$1:$1048576,10,FALSE) -> 0 | Z87: =VLOOKUP(C87,'Google Compute Engine'!$1:$1048576,10,FALSE) -> 0 | AA87: =VLOOKUP(C87,'Google Cloud Networking'!$1:$1048576,10,FALSE) -> 0 | AB87: =VLOOKUP(C87,'SAP on Google Cloud'!$1:$1048576,10,FALSE) -> 0 | AC87: =VLOOKUP(C87,'Google Cloud VMware Engine'!$1:$1048576,10,FALSE) -> 0 | AD87: =VLOOKUP(C87,'Google Distributed Cloud'!$1:$1048576,10,FALSE) -> 0 | AE87: =VLOOKUP(C87,'Cloud Security'!$1:$1048576,10,FALSE) -> 0 | AF87: =VLOOKUP(C87,'Security Command Center'!$1:$1048576,10,FALSE) -> 0 | AG87: =VLOOKUP(C87,'Security Operations'!$1:$1048576,10,FALSE) -> 0 | AH87: =VLOOKUP(C87,'Google Threat Intelligence'!$1:$1048576,10,FALSE) -> 0 | AI87: =VLOOKUP(C87,'Vertex AI Platform'!$1:$1048576,10,FALSE) -> 0 | AJ87: =VLOOKUP(C87,'AI Applications'!$1:$1048576,10,FALSE) -> 0 | AK87: =VLOOKUP(C87,'Gemini Enterprise'!$1:$1048576,10,FALSE) -> 0 | AL87: =VLOOKUP(C87,'Customer Engagement Suite'!$1:$1048576,10,FALSE) -> 0 | AM87: =SUM(N87:AL87) -> 0

Sheet BigQuery
A1: Name | B1: DRP ID | C1: Email | D1: DRI through Other Cloud Experience (max 4) | E1: DRI through Project Deployed (max 51) | F1: DRI through Skill Badges (max 15) | G1: DRI through Labs | H1: DRI through Technical Training (max 15) | I1: DRI through Technical Certification (max 15) | J1: Total DRI
A2: Ankit Pandey | B2: EVAAPILP1 | C2: ankit.pandey1@evalueserve.com | D2: 4 | E2: 0 | F2: 10 | G2: 0 | H2: 5 | I2: 15 | J2: 34
A3: Abhinav Chandna | B3: EVAACBIT7 | C3: abhinav.chandna@evalueserve.com | D3: 4 | E3: 0 | F3: 10 | G3: 0 | H3: 10 | I3: 10 | J3: 34
A4: Ravi Teja K | B4: EVARKHHI6 | C4: k.teja@evalueserve.com | D4: 0 | E4: 0 | F4: 0 | G4: 0 | H4: 0 | I4: 0 | J4: 0
A5: Shubham Pathak | B5: EVASPEEM6 | C5: shubham.pathak@evalueserve.com | D5: 0 | E5: 0 | F5: 0 | G5: 0 | H5: 0 | I5: 0 | J5: 0
A6: Sagorika Poddar | B6: EVASPJIR0 | C6: sagorika.poddar1@evalueserve.com | D6: 0 | E6: 0 | F6: 0 | G6: 0 | H6: 0 | I6: 0 | J6: 0
A7: Erick Gonzalez | B7: EVAEGRGT2 | C7: erick.gonzalez@evalueserve.com | D7: 0 | E7: 0 | F7: 0 | G7: 0 | H7: 0 | I7: 0 | J7: 0
A8: Camila Da Silveira | B8: EVACDZQR9 | C8: camila.silveira@evalueserve.com | D8: 0 | E8: 0 | F8: 0 | G8: 0 | H8: 0 | I8: 0 | J8: 0
A9: Dhreti Rishi | B9: EVADRZXB8 | C9: dhreti.rishi@evalueserve.com | D9: 0 | E9: 0 | F9: 0 | G9: 0 | H9: 0 | I9: 0 | J9: 0
A10: Bhavya Shaan | B10: EVABSMNZ9 | C10: bhavya.shaan@evalueserve.com | D10: 2 | E10: 0 | F10: 10 | G10: 0 | H10: 10 | I10: 10 | J10: 32
A11: Mohit Agarwal | B11: EVAMAONM3 | C11: mohit.agarwal3@evalueserve.com | D11: 0 | E11: 0 | F11: 0 | G11: 0 | H11: 0 | I11: 0 | J11: 0
A12: Flavio Boaventura | B12: EVAFBQHW6 | C12: flavio.boaventura@evalueserve.com | D12: 0 | E12: 0 | F12: 10 | G12: 0 | H12: 15 | I12: 10 | J12: 35
A13: RATNAKAR DHRUV VATS | B13: EVARVLMI7 | C13: ratnakar.vats1@evalueserve.com | D13: 0 | E13: 0 | F13: 10 | G13: 0 | H13: 15 | I13: 15 | J13: 40
... A133: Lawrence Setien | B133: EVALSGEA7 | C133: lawrence.setien@evalueserve.com | D133: 0 | E133: 0 | F133: 0 | G133: 0 | H133: 0 | I133: 0 | J133: 0

Sheet Looker
A1: Name | B1: DRP ID | C1: Email | D1: DRI through Other Cloud Experience (max 4) | E1: DRI through Project Deployed (max 51) | F1: DRI through Skill Badges (max 15) | G1: DRI through Labs | H1: DRI through Technical Training (max 15) | I1: DRI through Technical Certification (max 15) | J1: Total DRI
A2: Ankit Pandey | B2: EVAAPILP1 | C2: ankit.pandey1@evalueserve.com | D2: 4 | E2: 0 | F2: 0 | G2: 0 | H2: 0 | I2: 15 | J2: 19
A3: Abhinav Chandna | B3: EVAACBIT7 | C3: abhinav.chandna@evalueserve.com | D3: 4 | E3: 0 | F3: 0 | G3: 0 | H3: 0 | I3: 10 | J3: 14
A4: Ravi Teja K | B4: EVARKHHI6 | C4: k.teja@evalueserve.com | D4: 0 | E4: 0 | F4: 0 | G4: 0 | H4: 0 | I4: 0 | J4: 0
A5: Shubham Pathak | B5: EVASPEEM6 | C5: shubham.pathak@evalueserve.com | D5: 0 | E5: 0 | F5: 0 | G5: 0 | H5: 0 | I5: 0 | J5: 0
A6: Sagorika Poddar | B6: EVASPJIR0 | C6: sagorika.poddar1@evalueserve.com | D6: 0 | E6: 0 | F6: 0 | G6: 0 | H6: 0 | I6: 0 | J6: 0
A7: Erick Gonzalez | B7: EVAEGRGT2 | C7: erick.gonzalez@evalueserve.com | D7: 0 | E7: 0 | F7: 0 | G7: 0 | H7: 0 | I7: 0 | J7: 0
A8: Camila Da Silveira | B8: EVACDZQR9 | C8: camila.silveira@evalueserve.com | D8: 4 | E8: 5 | F8: 0 | G8: 0 | H8: 0 | I8: 5 | J8: 14
A9: Dhreti Rishi | B9: EVADRZXB8 | C9: dhreti.rishi@evalueserve.com | D9: 0 | E9: 0 | F9: 0 | G9: 0 | H9: 0 | I9: 0 | J9: 0
A10: Bhavya Shaan | B10: EVABSMNZ9 | C10: bhavya.shaan@evalueserve.com | D10: 2 | E10: 0 | F10: 0 | G10: 0 | H10: 0 | I10: 10 | J10: 12
A11: Mohit Agarwal | B11: EVAMAONM3 | C11: mohit.agarwal3@evalueserve.com | D11: 0 | E11: 0 | F11: 0 | G11: 0 | H11: 0 | I11: 0 | J11: 0
A12: Flavio Boaventura | B12: EVAFBQHW6 | C12: flavio.boaventura@evalueserve.com | D12: 0 | E12: 0 | F12: 0 | G12: 0 | H12: 0 | I12: 10 | J12: 10
A13: RATNAKAR DHRUV VATS | B13: EVARVLMI7 | C13: ratnakar.vats1@evalueserve.com | D13: 0 | E13: 0 | F13: 0 | G13: 0 | H13: 0 | I13: 15 | J13: 15
... A133: Fernando Espinoza | B133: EVAFEAAK8 | C133: fernando.espinoza@evalueserve.com | D133: 0 | E133: 0 | F133: 0 | G133: 0 | H133: 0 | I133: 0 | J133: 0

Sheet Dataflow
A1: Name | B1: DRP ID | C1: Email | D1: DRI through Other Cloud Experience (max 4) | E1: DRI through Project Deployed (max 51) | F1: DRI through Skill Badges (max 15) | G1: DRI through Labs | H1: DRI through Technical Training (max 15) | I1: DRI through Technical Certification (max 15) | J1: Total DRI
A2: Ankit Pandey | B2: EVAAPILP1 | C2: ankit.pandey1@evalueserve.com | D2: 4 | E2: 0 | F2: 5 | G2: 5 | H2: 5 | I2: 15 | J2: 34
A3: Abhinav Chandna | B3: EVAACBIT7 | C3: abhinav.chandna@evalueserve.com | D3: 4 | E3: 0 | F3: 5 | G3: 5 | H3: 15 | I3: 10 | J3: 39
A4: Ravi Teja K | B4: EVARKHHI6 | C4: k.teja@evalueserve.com | D4: 0 | E4: 0 | F4: 0 | G4: 0 | H4: 0 | I4: 0 | J4: 0
A5: Shubham Pathak | B5: EVASPEEM6 | C5: shubham.pathak@evalueserve.com | D5: 0 | E5: 0 | F5: 0 | G5: 0 | H5: 0 | I5: 0 | J5: 0
A6: Sagorika Poddar | B6: EVASPJIR0 | C6: sagorika.poddar1@evalueserve.com | D6: 0 | E6: 0 | F6: 0 | G6: 0 | H6: 0 | I6: 0 | J6: 0
A7: Erick Gonzalez | B7: EVAEGRGT2 | C7: erick.gonzalez@evalueserve.com | D7: 0 | E7: 0 | F7: 0 | G7: 0 | H7: 0 | I7: 0 | J7: 0
A8: Camila Da Silveira | B8: EVACDZQR9 | C8: camila.silveira@evalueserve.com | D8: 0 | E8: 0 | F8: 0 | G8: 0 | H8: 0 | I8: 0 | J8: 0
A9: Dhreti Rishi | B9: EVADRZXB8 | C9: dhreti.rishi@evalueserve.com | D9: 0 | E9: 0 | F9: 0 | G9: 0 | H9: 0 | I9: 0 | J9: 0
A10: Bhavya Shaan | B10: EVABSMNZ9 | C10: bhavya.shaan@evalueserve.com | D10: 2 | E10: 0 | F10: 5 | G10: 5 | H10: 15 | I10: 10 | J10: 37
A11: Mohit Agarwal | B11: EVAMAONM3 | C11: mohit.agarwal3@evalueserve.com | D11: 0 | E11: 0 | F11: 0 | G11: 0 | H11: 0 | I11: 0 | J11: 0
A12: Flavio Boaventura | B12: EVAFBQHW6 | C12: flavio.boaventura@evalueserve.com | D12: 0 | E12: 0 | F12: 5 | G12: 5 | H12: 15 | I12: 10 | J12: 35
A13: RATNAKAR DHRUV VATS | B13: EVARVLMI7 | C13: ratnakar.vats1@evalueserve.com | D13: 0 | E13: 0 | F13: 5 | G13: 5 | H13: 15 | I13: 15 | J13: 40
... A133: Lawrence Setien | B133: EVALSGEA7 | C133: lawrence.setien@evalueserve.com | D133: 0 | E133: 0 | F133: 0 | G133: 0 | H133: 0 | I133: 0 | J133: 0

Sheet Dataproc
A1: Name | B1: DRP ID | C1: Email | D1: DRI through Other Cloud Experience (max 4) | E1: DRI through Project Deployed (max 51) | F1: DRI through Skill Badges (max 15) | G1: DRI through Labs | H1: DRI through Technical Training (max 15) | I1: DRI through Technical Certification (max 15) | J1: Total DRI
A2: Ankit Pandey | B2: EVAAPILP1 | C2: ankit.pandey1@evalueserve.com | D2: 4 | E2: 0 | F2: 5 | G2: 0 | H2: 0 | I2: 15 | J2: 24
A3: Abhinav Chandna | B3: EVAACBIT7 | C3: abhinav.chandna@evalueserve.com | D3: 4 | E3: 0 | F3: 5 | G3: 0 | H3: 5 | I3: 10 | J3: 24
A4: Ravi Teja K | B4: EVARKHHI6 | C4: k.teja@evalueserve.com | D4: 2 | E4: 0 | F4: 5 | G4: 0 | H4: 0 | I4: 5 | J4: 12
A5: Shubham Pathak | B5: EVASPEEM6 | C5: shubham.pathak@evalueserve.com | D5: 0 | E5: 0 | F5: 0 | G5: 0 | H5: 0 | I5: 0 | J5: 0
A6: Sagorika Poddar | B6: EVASPJIR0 | C6: sagorika.poddar1@evalueserve.com | D6: 0 | E6: 0 | F6: 0 | G6: 0 | H6: 0 | I6: 0 | J6: 0
A7: Erick Gonzalez | B7: EVAEGRGT2 | C7: erick.gonzalez@evalueserve.com | D7: 0 | E7: 0 | F7: 0 | G7: 0 | H7: 0 | I7: 0 | J7: 0
A8: Camila Da Silveira | B8: EVACDZQR9 | C8: camila.silveira@evalueserve.com | D8: 0 | E8: 0 | F8: 0 | G8: 0 | H8: 0 | I8: 0 | J8: 0
A9: Dhreti Rishi | B9: EVADRZXB8 | C9: dhreti.rishi@evalueserve.com | D9: 0 | E9: 0 | F9: 0 | G9: 0 | H9: 0 | I9: 0 | J9: 0
A10: Bhavya Shaan | B10: EVABSMNZ9 | C10: bhavya.shaan@evalueserve.com | D10: 2 | E10: 0 | F10: 5 | G10: 5 | H10: 5 | I10: 10 | J10: 27
A11: Mohit Agarwal | B11: EVAMAONM3 | C11: mohit.agarwal3@evalueserve.com | D11: 0 | E11: 0 | F11: 0 | G11: 0 | H11: 0 | I11: 0 | J11: 0
A12: Flavio Boaventura | B12: EVAFBQHW6 | C12: flavio.boaventura@evalueserve.com | D12: 0 | E12: 0 | F12: 5 | G12: 0 | H12: 5 | I12: 10 | J12: 20
A13: RATNAKAR DHRUV VATS | B13: EVARVLMI7 | C13: ratnakar.vats1@evalueserve.com | D13: 0 | E13: 0 | F13: 5 | G13: 0 | H13: 5 | I13: 15 | J13: 25
... A133: Fernando Espinoza | B133: EVAFEAAK8 | C133: fernando.espinoza@evalueserve.com | D133: 0 | E133: 0 | F133: 5 | G133: 0 | H133: 5 | I133: 0 | J133: 10

Sheet Google Kubernetes Engine
A1: Name | B1: DRP ID | C1: Email | D1: DRI through Other Cloud Experience (max 4) | E1: DRI through Project Deployed (max 51) | F1: DRI through Skill Badges (max 15) | G1: DRI through Labs | H1: DRI through Technical Training (max 15) | I1: DRI through Technical Certification (max 15) | J1: Total DRI
A2: Ankit Pandey | B2: EVAAPILP1 | C2: ankit.pandey1@evalueserve.com | D2: 0 | E2: 0 | F2: 0 | G2: 0 | H2: 0 | I2: 0 | J2: 0
A3: Abhinav Chandna | B3: EVAACBIT7 | C3: abhinav.chandna@evalueserve.com | D3: 0 | E3: 0 | F3: 0 | G3: 0 | H3: 0 | I3: 0 | J3: 0
A4: Ravi Teja K | B4: EVARKHHI6 | C4: k.teja@evalueserve.com | D4: 0 | E4: 0 | F4: 0 | G4: 0 | H4: 0 | I4: 0 | J4: 0
A5: Shubham Pathak | B5: EVASPEEM6 | C5: shubham.pathak@evalueserve.com | D5: 0 | E5: 0 | F5: 0 | G5: 0 | H5: 0 | I5: 0 | J5: 0
A6: Sagorika Poddar | B6: EVASPJIR0 | C6: sagorika.poddar1@evalueserve.com | D6: 0 | E6: 0 | F6: 0 | G6: 0 | H6: 0 | I6: 0 | J6: 0
A7: Erick Gonzalez | B7: EVAEGRGT2 | C7: erick.gonzalez@evalueserve.com | D7: 0 | E7: 0 | F7: 0 | G7: 0 | H7: 0 | I7: 0 | J7: 0
A8: Camila Da Silveira | B8: EVACDZQR9 | C8: camila.silveira@evalueserve.com | D8: 0 | E8: 0 | F8: 0 | G8: 0 | H8: 0 | I8: 0 | J8: 0
A9: Dhreti Rishi | B9: EVADRZXB8 | C9: dhreti.rishi@evalueserve.com | D9: 0 | E9: 0 | F9: 0 | G9: 0 | H9: 0 | I9: 0 | J9: 0
A10: Bhavya Shaan | B10: EVABSMNZ9 | C10: bhavya.shaan@evalueserve.com | D10: 0 | E10: 0 | F10: 0 | G10: 0 | H10: 0 | I10: 0 | J10: 0
A11: Mohit Agarwal | B11: EVAMAONM3 | C11: mohit.agarwal3@evalueserve.com | D11: 0 | E11: 0 | F11: 0 | G11: 0 | H11: 0 | I11: 0 | J11: 0
A12: Flavio Boaventura | B12: EVAFBQHW6 | C12: flavio.boaventura@evalueserve.com | D12: 0 | E12: 0 | F12: 0 | G12: 0 | H12: 0 | I12: 0 | J12: 0
A13: RATNAKAR DHRUV VATS | B13: EVARVLMI7 | C13: ratnakar.vats1@evalueserve.com | D13: 0 | E13: 0 | F13: 0 | G13: 0 | H13: 0 | I13: 0 | J13: 0
... A133: Lawrence Setien | B133: EVALSGEA7 | C133: lawrence.setien@evalueserve.com | D133: 0 | E133: 0 | F133: 0 | G133: 0 | H133: 0 | I133: 0 | J133: 0

Sheet Apigee API Management
A1: Name | B1: DRP ID | C1: Email | D1: DRI through Other Cloud Experience (max 4) | E1: DRI through Project Deployed (max 51) | F1: DRI through Skill Badges (max 15) | G1: DRI through Labs | H1: DRI through Technical Training (max 15) | I1: DRI through Technical Certification (max 15) | J1: Total DRI
A2: Ankit Pandey | B2: EVAAPILP1 | C2: ankit.pandey1@evalueserve.com | D2: 0 | E2: 0 | F2: 0 | G2: 0 | H2: 0 | I2: 0 | J2: 0
A3: Abhinav Chandna | B3: EVAACBIT7 | C3: abhinav.chandna@evalueserve.com | D3: 0 | E3: 0 | F3: 0 | G3: 0 | H3: 0 | I3: 0 | J3: 0
A4: Ravi Teja K | B4: EVARKHHI6 | C4: k.teja@evalueserve.com | D4: 0 | E4: 0 | F4: 0 | G4: 0 | H4: 0 | I4: 0 | J4: 0
A5: Shubham Pathak | B5: EVASPEEM6 | C5: shubham.pathak@evalueserve.com | D5: 0 | E5: 0 | F5: 0 | G5: 0 | H5: 0 | I5: 0 | J5: 0
A6: Sagorika Poddar | B6: EVASPJIR0 | C6: sagorika.poddar1@evalueserve.com | D6: 0 | E6: 0 | F6: 0 | G6: 0 | H6: 0 | I6: 0 | J6: 0
A7: Erick Gonzalez | B7: EVAEGRGT2 | C7: erick.gonzalez@evalueserve.com | D7: 0 | E7: 0 | F7: 0 | G7: 0 | H7: 0 | I7: 0 | J7: 0
A8: Camila Da Silveira | B8: EVACDZQR9 | C8: camila.silveira@evalueserve.com | D8: 0 | E8: 0 | F8: 0 | G8: 0 | H8: 0 | I8: 0 | J8: 0
A9: Dhreti Rishi | B9: EVADRZXB8 | C9: dhreti.rishi@evalueserve.com | D9: 0 | E9: 0 | F9: 0 | G9: 0 | H9: 0 | I9: 0 | J9: 0
A10: Bhavya Shaan | B10: EVABSMNZ9 | C10: bhavya.shaan@evalueserve.com | D10: 0 | E10: 0 | F10: 0 | G10: 0 | H10: 0 | I10: 0 | J10: 0
A11: Mohit Agarwal | B11: EVAMAONM3 | C11: mohit.agarwal3@evalueserve.com | D11: 0 | E11: 0 | F11: 0 | G11: 0 | H11: 0 | I11: 0 | J11: 0
A12: Flavio Boaventura | B12: EVAFBQHW6 | C12: flavio.boaventura@evalueserve.com | D12: 0 | E12: 0 | F12: 0 | G12: 0 | H12: 0 | I12: 0 | J12: 0
A13: RATNAKAR DHRUV VATS | B13: EVARVLMI7 | C13: ratnakar.vats1@evalueserve.com | D13: 0 | E13: 0 | F13: 0 | G13: 0 | H13: 0 | I13: 0 | J13: 0
... A133: Fernando Espinoza | B133: EVAFEAAK8 | C133: fernando.espinoza@evalueserve.com | D133: 0 | E133: 0 | F133: 0 | G133: 0 | H133: 0 | I133: 0 | J133: 0

Sheet Cloud Run
A1: Name | B1: DRP ID | C1: Email | D1: DRI through Other Cloud Experience (max 4) | E1: DRI through Project Deployed (max 51) | F1: DRI through Skill Badges (max 15) | G1: DRI through Labs | H1: DRI through Technical Training (max 15) | I1: DRI through Technical Certification (max 15) | J1: Total DRI
A2: Ankit Pandey | B2: EVAAPILP1 | C2: ankit.pandey1@evalueserve.com | D2: 0 | E2: 0 | F2: 0 | G2: 0 | H2: 0 | I2: 0 | J2: 0
A3: Abhinav Chandna | B3: EVAACBIT7 | C3: abhinav.chandna@evalueserve.com | D3: 0 | E3: 0 | F3: 0 | G3: 0 | H3: 0 | I3: 0 | J3: 0
A4: Ravi Teja K | B4: EVARKHHI6 | C4: k.teja@evalueserve.com | D4: 0 | E4: 0 | F4: 0 | G4: 0 | H4: 0 | I4: 0 | J4: 0
A5: Shubham Pathak | B5: EVASPEEM6 | C5: shubham.pathak@evalueserve.com | D5: 0 | E5: 0 | F5: 0 | G5: 0 | H5: 0 | I5: 0 | J5: 0
A6: Sagorika Poddar | B6: EVASPJIR0 | C6: sagorika.poddar1@evalueserve.com | D6: 0 | E6: 0 | F6: 0 | G6: 0 | H6: 0 | I6: 0 | J6: 0
A7: Erick Gonzalez | B7: EVAEGRGT2 | C7: erick.gonzalez@evalueserve.com | D7: 4 | E7: 0 | F7: 5 | G7: 0 | H7: 5 | I7: 0 | J7: 14
A8: Camila Da Silveira | B8: EVACDZQR9 | C8: camila.silveira@evalueserve.com | D8: 0 | E8: 0 | F8: 0 | G8: 0 | H8: 0 | I8: 0 | J8: 0
A9: Dhreti Rishi | B9: EVADRZXB8 | C9: dhreti.rishi@evalueserve.com | D9: 0 | E9: 0 | F9: 0 | G9: 0 | H9: 0 | I9: 0 | J9: 0
A10: Bhavya Shaan | B10: EVABSMNZ9 | C10: bhavya.shaan@evalueserve.com | D10: 0 | E10: 0 | F10: 0 | G10: 0 | H10: 0 | I10: 0 | J10: 0
A11: Mohit Agarwal | B11: EVAMAONM3 | C11: mohit.agarwal3@evalueserve.com | D11: 0 | E11: 0 | F11: 0 | G11: 0 | H11: 0 | I11: 0 | J11: 0
A12: Flavio Boaventura | B12: EVAFBQHW6 | C12: flavio.boaventura@evalueserve.com | D12: 0 | E12: 0 | F12: 0 | G12: 0 | H12: 0 | I12: 0 | J12: 0
A13: RATNAKAR DHRUV VATS | B13: EVARVLMI7 | C13: ratnakar.vats1@evalueserve.com | D13: 0 | E13: 0 | F13: 0 | G13: 0 | H13: 0 | I13: 0 | J13: 0
... A133: Lawrence Setien | B133: EVALSGEA7 | C133: lawrence.setien@evalueserve.com | D133: 0 | E133: 0 | F133: 0 | G133: 0 | H133: 0 | I133: 0 | J133: 0

Sheet Cloud SQL
A1: Name | B1: DRP ID | C1: Email | D1: DRI through Other Cloud Experience (max 4) | E1: DRI through Project Deployed (max 51) | F1: DRI through Skill Badges (max 15) | G1: DRI through Labs | H1: DRI through Technical Training (max 15) | I1: DRI through Technical Certification (max 15) | J1: Total DRI
A2: Ankit Pandey | B2: EVAAPILP1 | C2: ankit.pandey1@evalueserve.com | D2: 0 | E2: 0 | F2: 0 | G2: 0 | H2: 0 | I2: 0 | J2: 0
A3: Abhinav Chandna | B3: EVAACBIT7 | C3: abhinav.chandna@evalueserve.com | D3: 0 | E3: 0 | F3: 0 | G3: 0 | H3: 0 | I3: 0 | J3: 0
A4: Ravi Teja K | B4: EVARKHHI6 | C4: k.teja@evalueserve.com | D4: 0 | E4: 0 | F4: 0 | G4: 0 | H4: 0 | I4: 0 | J4: 0
A5: Shubham Pathak | B5: EVASPEEM6 | C5: shubham.pathak@evalueserve.com | D5: 0 | E5: 0 | F5: 0 | G5: 0 | H5: 0 | I5: 0 | J5: 0
A6: Sagorika Poddar | B6: EVASPJIR0 | C6: sagorika.poddar1@evalueserve.com | D6: 0 | E6: 0 | F6: 0 | G6: 0 | H6: 0 | I6: 0 | J6: 0
A7: Erick Gonzalez | B7: EVAEGRGT2 | C7: erick.gonzalez@evalueserve.com | D7: 4 | E7: 0 | F7: 5 | G7: 0 | H7: 0 | I7: 0 | J7: 9
A8: Camila Da Silveira | B8: EVACDZQR9 | C8: camila.silveira@evalueserve.com | D8: 0 | E8: 0 | F8: 0 | G8: 0 | H8: 0 | I8: 0 | J8: 0
A9: Dhreti Rishi | B9: EVADRZXB8 | C9: dhreti.rishi@evalueserve.com | D9: 0 | E9: 0 | F9: 0 | G9: 0 | H9: 0 | I9: 0 | J9: 0
A10: Bhavya Shaan | B10: EVABSMNZ9 | C10: bhavya.shaan@evalueserve.com | D10: 0 | E10: 0 | F10: 0 | G10: 0 | H10: 0 | I10: 0 | J10: 0
A11: Mohit Agarwal | B11: EVAMAONM3 | C11: mohit.agarwal3@evalueserve.com | D11: 0 | E11: 0 | F11: 0 | G11: 0 | H11: 0 | I11: 0 | J11: 0
A12: Flavio Boaventura | B12: EVAFBQHW6 | C12: flavio.boaventura@evalueserve.com | D12: 0 | E12: 0 | F12: 0 | G12: 0 | H12: 5 | I12: 5 | J12: 10
A13: RATNAKAR DHRUV VATS | B13: EVARVLMI7 | C13: ratnakar.vats1@evalueserve.com | D13: 0 | E13: 0 | F13: 0 | G13: 0 | H13: 0 | I13: 0 | J13: 0
... A133: Fernando Espinoza | B133: EVAFEAAK8 | C133: fernando.espinoza@evalueserve.com | D133: 0 | E133: 0 | F133: 0 | G133: 0 | H133: 0 | I133: 0 | J133: 0

Sheet AlloyDB for PostgreSQL
A1: Name | B1: DRP ID | C1: Email | D1: DRI through Other Cloud Experience (max 4) | E1: DRI through Project Deployed (max 51) | F1: DRI through Skill Badges (max 15) | G1: DRI through Labs | H1: DRI through Technical Training (max 15) | I1: DRI through Technical Certification (max 15) | J1: Total DRI
A2: Ankit Pandey | B2: EVAAPILP1 | C2: ankit.pandey1@evalueserve.com | D2: 0 | E2: 0 | F2: 0 | G2: 0 | H2: 0 | I2: 0 | J2: 0
A3: Abhinav Chandna | B3: EVAACBIT7 | C3: abhinav.chandna@evalueserve.com | D3: 0 | E3: 0 | F3: 0 | G3: 0 | H3: 0 | I3: 0 | J3: 0
A4: Ravi Teja K | B4: EVARKHHI6 | C4: k.teja@evalueserve.com | D4: 0 | E4: 0 | F4: 0 | G4: 0 | H4: 0 | I4: 0 | J4: 0
A5: Shubham Pathak | B5: EVASPEEM6 | C5: shubham.pathak@evalueserve.com | D5: 0 | E5: 0 | F5: 0 | G5: 0 | H5: 0 | I5: 0 | J5: 0
A6: Sagorika Poddar | B6: EVASPJIR0 | C6: sagorika.poddar1@evalueserve.com | D6: 0 | E6: 0 | F6: 0 | G6: 0 | H6: 0 | I6: 0 | J6: 0
A7: Erick Gonzalez | B7: EVAEGRGT2 | C7: erick.gonzalez@evalueserve.com | D7: 0 | E7: 0 | F7: 0 | G7: 0 | H7: 0 | I7: 0 | J7: 0
A8: Camila Da Silveira | B8: EVACDZQR9 | C8: camila.silveira@evalueserve.com | D8: 0 | E8: 0 | F8: 0 | G8: 0 | H8: 0 | I8: 0 | J8: 0
A9: Dhreti Rishi | B9: EVADRZXB8 | C9: dhreti.rishi@evalueserve.com | D9: 0 | E9: 0 | F9: 0 | G9: 0 | H9: 0 | I9: 0 | J9: 0
A10: Bhavya Shaan | B10: EVABSMNZ9 | C10: bhavya.shaan@evalueserve.com | D10: 0 | E10: 0 | F10: 0 | G10: 0 | H10: 0 | I10: 0 | J10: 0
A11: Mohit Agarwal | B11: EVAMAONM3 | C11: mohit.agarwal3@evalueserve.com | D11: 0 | E11: 0 | F11: 0 | G11: 0 | H11: 0 | I11: 0 | J11: 0
A12: Flavio Boaventura | B12: EVAFBQHW6 | C12: flavio.boaventura@evalueserve.com | D12: 0 | E12: 0 | F12: 0 | G12: 0 | H12: 0 | I12: 0 | J12: 0
A13: RATNAKAR DHRUV VATS | B13: EVARVLMI7 | C13: ratnakar.vats1@evalueserve.com | D13: 0 | E13: 0 | F13: 0 | G13: 0 | H13: 0 | I13: 0 | J13: 0
... A133: Lawrence Setien | B133: EVALSGEA7 | C133: lawrence.setien@evalueserve.com | D133: 0 | E133: 0 | F133: 0 | G133: 0 | H133: 0 | I133: 0 | J133: 0

Sheet Spanner
A1: Name | B1: DRP ID | C1: Email | D1: DRI through Other Cloud Experience (max 4) | E1: DRI through Project Deployed (max 51) | F1: DRI through Skill Badges (max 15) | G1: DRI through Labs | H1: DRI through Technical Training (max 15) | I1: DRI through Technical Certification (max 15) | J1: Total DRI
A2: Ankit Pandey | B2: EVAAPILP1 | C2: ankit.pandey1@evalueserve.com | D2: 0 | E2: 0 | F2: 0 | G2: 0 | H2: 0 | I2: 0 | J2: 0
A3: Abhinav Chandna | B3: EVAACBIT7 | C3: abhinav.chandna@evalueserve.com | D3: 0 | E3: 0 | F3: 0 | G3: 0 | H3: 0 | I3: 0 | J3: 0
A4: Ravi Teja K | B4: EVARKHHI6 | C4: k.teja@evalueserve.com | D4: 0 | E4: 0 | F4: 0 | G4: 0 | H4: 0 | I4: 0 | J4: 0
A5: Shubham Pathak | B5: EVASPEEM6 | C5: shubham.pathak@evalueserve.com | D5: 0 | E5: 0 | F5: 0 | G5: 0 | H5: 0 | I5: 0 | J5: 0
A6: Sagorika Poddar | B6: EVASPJIR0 | C6: sagorika.poddar1@evalueserve.com | D6: 0 | E6: 0 | F6: 0 | G6: 0 | H6: 0 | I6: 0 | J6: 0
A7: Erick Gonzalez | B7: EVAEGRGT2 | C7: erick.gonzalez@evalueserve.com | D7: 0 | E7: 0 | F7: 0 | G7: 0 | H7: 0 | I7: 0 | J7: 0
A8: Camila Da Silveira | B8: EVACDZQR9 | C8: camila.silveira@evalueserve.com | D8: 0 | E8: 0 | F8: 0 | G8: 0 | H8: 0 | I8: 0 | J8: 0
A9: Dhreti Rishi | B9: EVADRZXB8 | C9: dhreti.rishi@evalueserve.com | D9: 0 | E9: 0 | F9: 0 | G9: 0 | H9: 0 | I9: 0 | J9: 0
A10: Bhavya Shaan | B10: EVABSMNZ9 | C10: bhavya.shaan@evalueserve.com | D10: 0 | E10: 0 | F10: 0 | G10: 0 | H10: 0 | I10: 0 | J10: 0
A11: Mohit Agarwal | B11: EVAMAONM3 | C11: mohit.agarwal3@evalueserve.com | D11: 0 | E11: 0 | F11: 0 | G11: 0 | H11: 0 | I11: 0 | J11: 0
A12: Flavio Boaventura | B12: EVAFBQHW6 | C12: flavio.boaventura@evalueserve.com | D12: 0 | E12: 0 | F12: 0 | G12: 0 | H12: 0 | I12: 0 | J12: 0
A13: RATNAKAR DHRUV VATS | B13: EVARVLMI7 | C13: ratnakar.vats1@evalueserve.com | D13: 0 | E13: 0 | F13: 0 | G13: 0 | H13: 0 | I13: 0 | J13: 0
... A133: Fernando Espinoza | B133: EVAFEAAK8 | C133: fernando.espinoza@evalueserve.com | D133: 0 | E133: 0 | F133: 0 | G133: 0 | H133: 0 | I133: 0 | J133: 0

Sheet Oracle
A1: Name | B1: DRP ID | C1: Email | D1: DRI through Other Cloud Experience (max 4) | E1: DRI through Project Deployed (max 51) | F1: DRI through Skill Badges (max 15) | G1: DRI through Labs | H1: DRI through Technical Training (max 15) | I1: DRI through Technical Certification (max 15) | J1: Total DRI
A2: Ankit Pandey | B2: EVAAPILP1 | C2: ankit.pandey1@evalueserve.com | D2: 0 | E2: 0 | F2: 0 | G2: 0 | H2: 0 | I2: 0 | J2: 0
A3: Abhinav Chandna | B3: EVAACBIT7 | C3: abhinav.chandna@evalueserve.com | D3: 0 | E3: 0 | F3: 0 | G3: 0 | H3: 0 | I3: 0 | J3: 0
A4: Ravi Teja K | B4: EVARKHHI6 | C4: k.teja@evalueserve.com | D4: 0 | E4: 0 | F4: 0 | G4: 0 | H4: 0 | I4: 0 | J4: 0
A5: Shubham Pathak | B5: EVASPEEM6 | C5: shubham.pathak@evalueserve.com | D5: 0 | E5: 0 | F5: 0 | G5: 0 | H5: 0 | I5: 0 | J5: 0
A6: Sagorika Poddar | B6: EVASPJIR0 | C6: sagorika.poddar1@evalueserve.com | D6: 0 | E6: 0 | F6: 0 | G6: 0 | H6: 0 | I6: 0 | J6: 0
A7: Erick Gonzalez | B7: EVAEGRGT2 | C7: erick.gonzalez@evalueserve.com | D7: 0 | E7: 0 | F7: 0 | G7: 0 | H7: 0 | I7: 0 | J7: 0
A8: Camila Da Silveira | B8: EVACDZQR9 | C8: camila.silveira@evalueserve.com | D8: 0 | E8: 0 | F8: 0 | G8: 0 | H8: 0 | I8: 0 | J8: 0
A9: Dhreti Rishi | B9: EVADRZXB8 | C9: dhreti.rishi@evalueserve.com | D9: 0 | E9: 0 | F9: 0 | G9: 0 | H9: 0 | I9: 0 | J9: 0
A10: Bhavya Shaan | B10: EVABSMNZ9 | C10: bhavya.shaan@evalueserve.com | D10: 0 | E10: 0 | F10: 0 | G10: 0 | H10: 0 | I10: 0 | J10: 0
A11: Mohit Agarwal | B11: EVAMAONM3 | C11: mohit.agarwal3@evalueserve.com | D11: 0 | E11: 0 | F11: 0 | G11: 0 | H11: 0 | I11: 0 | J11: 0
A12: Flavio Boaventura | B12: EVAFBQHW6 | C12: flavio.boaventura@evalueserve.com | D12: 0 | E12: 0 | F12: 0 | G12: 0 | H12: 0 | I12: 0 | J12: 0
A13: RATNAKAR DHRUV VATS | B13: EVARVLMI7 | C13: ratnakar.vats1@evalueserve.com | D13: 0 | E13: 0 | F13: 0 | G13: 0 | H13: 5 | I13: 5 | J13: 10
... A133: Lawrence Setien | B133: EVALSGEA7 | C133: lawrence.setien@evalueserve.com | D133: 0 | E133: 0 | F133: 0 | G133: 0 | H133: 0 | I133: 0 | J133: 0

Sheet Workspace
A1: Name | B1: DRP ID | C1: Email | D1: DRI through Other Cloud Experience (max 4) | E1: DRI through Project Deployed (max 51) | F1: DRI through Skill Badges (max 15) | G1: DRI through Labs | H1: DRI through Technical Training (max 15) | I1: DRI through Technical Certification (max 15) | J1: Total DRI
A2: Ankit Pandey | B2: EVAAPILP1 | C2: ankit.pandey1@evalueserve.com | D2: 0 | E2: 0 | F2: 0 | G2: 0 | H2: 0 | I2: 0 | J2: 0
A3: Abhinav Chandna | B3: EVAACBIT7 | C3: abhinav.chandna@evalueserve.com | D3: 0 | E3: 0 | F3: 0 | G3: 0 | H3: 0 | I3: 0 | J3: 0
A4: Ravi Teja K | B4: EVARKHHI6 | C4: k.teja@evalueserve.com | D4: 0 | E4: 0 | F4: 0 | G4: 0 | H4: 0 | I4: 0 | J4: 0
A5: Shubham Pathak | B5: EVASPEEM6 | C5: shubham.pathak@evalueserve.com | D5: 0 | E5: 0 | F5: 0 | G5: 0 | H5: 0 | I5: 0 | J5: 0
A6: Sagorika Poddar | B6: EVASPJIR0 | C6: sagorika.poddar1@evalueserve.com | D6: 0 | E6: 0 | F6: 0 | G6: 0 | H6: 0 | I6: 0 | J6: 0
A7: Erick Gonzalez | B7: EVAEGRGT2 | C7: erick.gonzalez@evalueserve.com | D7: 0 | E7: 0 | F7: 0 | G7: 0 | H7: 0 | I7: 0 | J7: 0
A8: Camila Da Silveira | B8: EVACDZQR9 | C8: camila.silveira@evalueserve.com | D8: 0 | E8: 0 | F8: 0 | G8: 0 | H8: 0 | I8: 0 | J8: 0
A9: Dhreti Rishi | B9: EVADRZXB8 | C9: dhreti.rishi@evalueserve.com | D9: 0 | E9: 0 | F9: 0 | G9: 0 | H9: 0 | I9: 0 | J9: 0
A10: Bhavya Shaan | B10: EVABSMNZ9 | C10: bhavya.shaan@evalueserve.com | D10: 0 | E10: 0 | F10: 0 | G10: 0 | H10: 0 | I10: 0 | J10: 0
A11: Mohit Agarwal | B11: EVAMAONM3 | C11: mohit.agarwal3@evalueserve.com | D11: 0 | E11: 0 | F11: 0 | G11: 0 | H11: 0 | I11: 0 | J11: 0
A12: Flavio Boaventura | B12: EVAFBQHW6 | C12: flavio.boaventura@evalueserve.com | D12: 0 | E12: 0 | F12: 0 | G12: 0 | H12: 0 | I12: 0 | J12: 0
A13: RATNAKAR DHRUV VATS | B13: EVARVLMI7 | C13: ratnakar.vats1@evalueserve.com | D13: 0 | E13: 0 | F13: 0 | G13: 0 | H13: 0 | I13: 0 | J13: 0
... A133: Fernando Espinoza | B133: EVAFEAAK8 | C133: fernando.espinoza@evalueserve.com | D133: 0 | E133: 0 | F133: 0 | G133: 0 | H133: 0 | I133: 0 | J133: 0

Sheet Cloud Security
A1: Name | B1: DRP ID | C1: Email | D1: DRI through Other Cloud Experience (max 4) | E1: DRI through Project Deployed (max 51) | F1: DRI through Skill Badges (max 15) | G1: DRI through Labs | H1: DRI through Technical Training (max 15) | I1: DRI through Technical Certification (max 15) | J1: Total DRI
A2: Ankit Pandey | B2: EVAAPILP1 | C2: ankit.pandey1@evalueserve.com | D2: 0 | E2: 0 | F2: 0 | G2: 0 | H2: 0 | I2: 0 | J2: 0
A3: Abhinav Chandna | B3: EVAACBIT7 | C3: abhinav.chandna@evalueserve.com | D3: 0 | E3: 0 | F3: 0 | G3: 0 | H3: 0 | I3: 0 | J3: 0
A4: Ravi Teja K | B4: EVARKHHI6 | C4: k.teja@evalueserve.com | D4: 0 | E4: 0 | F4: 0 | G4: 0 | H4: 0 | I4: 0 | J4: 0
A5: Shubham Pathak | B5: EVASPEEM6 | C5: shubham.pathak@evalueserve.com | D5: 0 | E5: 0 | F5: 0 | G5: 0 | H5: 0 | I5: 0 | J5: 0
A6: Sagorika Poddar | B6: EVASPJIR0 | C6: sagorika.poddar1@evalueserve.com | D6: 0 | E6: 0 | F6: 0 | G6: 0 | H6: 0 | I6: 0 | J6: 0
A7: Erick Gonzalez | B7: EVAEGRGT2 | C7: erick.gonzalez@evalueserve.com | D7: 0 | E7: 0 | F7: 0 | G7: 0 | H7: 0 | I7: 0 | J7: 0
A8: Camila Da Silveira | B8: EVACDZQR9 | C8: camila.silveira@evalueserve.com | D8: 0 | E8: 0 | F8: 0 | G8: 0 | H8: 0 | I8: 0 | J8: 0
A9: Dhreti Rishi | B9: EVADRZXB8 | C9: dhreti.rishi@evalueserve.com | D9: 0 | E9: 0 | F9: 0 | G9: 0 | H9: 0 | I9: 0 | J9: 0
A10: Bhavya Shaan | B10: EVABSMNZ9 | C10: bhavya.shaan@evalueserve.com | D10: 0 | E10: 0 | F10: 0 | G10: 0 | H10: 0 | I10: 0 | J10: 0
A11: Mohit Agarwal | B11: EVAMAONM3 | C11: mohit.agarwal3@evalueserve.com | D11: 0 | E11: 0 | F11: 0 | G11: 0 | H11: 0 | I11: 0 | J11: 0
A12: Flavio Boaventura | B12: EVAFBQHW6 | C12: flavio.boaventura@evalueserve.com | D12: 0 | E12: 0 | F12: 0 | G12: 0 | H12: 0 | I12: 0 | J12: 0
A13: RATNAKAR DHRUV VATS | B13: EVARVLMI7 | C13: ratnakar.vats1@evalueserve.com | D13: 0 | E13: 0 | F13: 0 | G13: 0 | H13: 0 | I13: 0 | J13: 0
... A133: Lawrence Setien | B133: EVALSGEA7 | C133: lawrence.setien@evalueserve.com | D133: 0 | E133: 0 | F133: 0 | G133: 0 | H133: 0 | I133: 0 | J133: 0

Sheet Security Command Center
A1: Name | B1: DRP ID | C1: Email | D1: DRI through Other Cloud Experience (max 4) | E1: DRI through Project Deployed (max 51) | F1: DRI through Skill Badges (max 15) | G1: DRI through Labs | H1: DRI through Technical Training (max 15) | I1: DRI through Technical Certification (max 15) | J1: Total DRI
A2: Ankit Pandey | B2: EVAAPILP1 | C2: ankit.pandey1@evalueserve.com | D2: 0 | E2: 0 | F2: 0 | G2: 0 | H2: 0 | I2: 0 | J2: 0
A3: Abhinav Chandna | B3: EVAACBIT7 | C3: abhinav.chandna@evalueserve.com | D3: 0 | E3: 0 | F3: 0 | G3: 0 | H3: 0 | I3: 0 | J3: 0
A4: Ravi Teja K | B4: EVARKHHI6 | C4: k.teja@evalueserve.com | D4: 0 | E4: 0 | F4: 0 | G4: 0 | H4: 0 | I4: 0 | J4: 0
A5: Shubham Pathak | B5: EVASPEEM6 | C5: shubham.pathak@evalueserve.com | D5: 0 | E5: 0 | F5: 0 | G5: 0 | H5: 0 | I5: 0 | J5: 0
A6: Sagorika Poddar | B6: EVASPJIR0 | C6: sagorika.poddar1@evalueserve.com | D6: 0 | E6: 0 | F6: 0 | G6: 0 | H6: 0 | I6: 0 | J6: 0
A7: Erick Gonzalez | B7: EVAEGRGT2 | C7: erick.gonzalez@evalueserve.com | D7: 0 | E7: 0 | F7: 0 | G7: 0 | H7: 0 | I7: 0 | J7: 0
A8: Camila Da Silveira | B8: EVACDZQR9 | C8: camila.silveira@evalueserve.com | D8: 0 | E8: 0 | F8: 0 | G8: 0 | H8: 0 | I8: 0 | J8: 0
A9: Dhreti Rishi | B9: EVADRZXB8 | C9: dhreti.rishi@evalueserve.com | D9: 0 | E9: 0 | F9: 0 | G9: 0 | H9: 0 | I9: 0 | J9: 0
A10: Bhavya Shaan | B10: EVABSMNZ9 | C10: bhavya.shaan@evalueserve.com | D10: 0 | E10: 0 | F10: 0 | G10: 0 | H10: 0 | I10: 0 | J10: 0
A11: Mohit Agarwal | B11: EVAMAONM3 | C11: mohit.agarwal3@evalueserve.com | D11: 0 | E11: 0 | F11: 0 | G11: 0 | H11: 0 | I11: 0 | J11: 0
A12: Flavio Boaventura | B12: EVAFBQHW6 | C12: flavio.boaventura@evalueserve.com | D12: 0 | E12: 0 | F12: 0 | G12: 0 | H12: 0 | I12: 0 | J12: 0
A13: RATNAKAR DHRUV VATS | B13: EVARVLMI7 | C13: ratnakar.vats1@evalueserve.com | D13: 0 | E13: 0 | F13: 0 | G13: 0 | H13: 0 | I13: 0 | J13: 0
... A133: Fernando Espinoza | B133: EVAFEAAK8 | C133: fernando.espinoza@evalueserve.com | D133: 0 | E133: 0 | F133: 0 | G133: 0 | H133: 0 | I133: 0 | J133: 0

Sheet Security Operations
A1: Name | B1: DRP ID | C1: Email | D1: DRI through Other Cloud Experience (max 4) | E1: DRI through Project Deployed (max 51) | F1: DRI through Skill Badges (max 15) | G1: DRI through Labs | H1: DRI through Technical Training (max 15) | I1: DRI through Technical Certification (max 15) | J1: Total DRI
A2: Ankit Pandey | B2: EVAAPILP1 | C2: ankit.pandey1@evalueserve.com | D2: 0 | E2: 0 | F2: 0 | G2: 0 | H2: 0 | I2: 0 | J2: 0
A3: Abhinav Chandna | B3: EVAACBIT7 | C3: abhinav.chandna@evalueserve.com | D3: 0 | E3: 0 | F3: 0 | G3: 0 | H3: 0 | I3: 0 | J3: 0
A4: Ravi Teja K | B4: EVARKHHI6 | C4: k.teja@evalueserve.com | D4: 0 | E4: 0 | F4: 0 | G4: 0 | H4: 0 | I4: 0 | J4: 0
A5: Shubham Pathak | B5: EVASPEEM6 | C5: shubham.pathak@evalueserve.com | D5: 0 | E5: 0 | F5: 0 | G5: 0 | H5: 0 | I5: 0 | J5: 0
A6: Sagorika Poddar | B6: EVASPJIR0 | C6: sagorika.poddar1@evalueserve.com | D6: 0 | E6: 0 | F6: 0 | G6: 0 | H6: 0 | I6: 0 | J6: 0
A7: Erick Gonzalez | B7: EVAEGRGT2 | C7: erick.gonzalez@evalueserve.com | D7: 0 | E7: 0 | F7: 0 | G7: 0 | H7: 0 | I7: 0 | J7: 0
A8: Camila Da Silveira | B8: EVACDZQR9 | C8: camila.silveira@evalueserve.com | D8: 0 | E8: 0 | F8: 0 | G8: 0 | H8: 0 | I8: 0 | J8: 0
A9: Dhreti Rishi | B9: EVADRZXB8 | C9: dhreti.rishi@evalueserve.com | D9: 0 | E9: 0 | F9: 0 | G9: 0 | H9: 0 | I9: 0 | J9: 0
A10: Bhavya Shaan | B10: EVABSMNZ9 | C10: bhavya.shaan@evalueserve.com | D10: 0 | E10: 0 | F10: 0 | G10: 0 | H10: 0 | I10: 0 | J10: 0
A11: Mohit Agarwal | B11: EVAMAONM3 | C11: mohit.agarwal3@evalueserve.com | D11: 0 | E11: 0 | F11: 0 | G11: 0 | H11: 0 | I11: 0 | J11: 0
A12: Flavio Boaventura | B12: EVAFBQHW6 | C12: flavio.boaventura@evalueserve.com | D12: 0 | E12: 0 | F12: 0 | G12: 0 | H12: 0 | I12: 0 | J12: 0
A13: RATNAKAR DHRUV VATS | B13: EVARVLMI7 | C13: ratnakar.vats1@evalueserve.com | D13: 0 | E13: 0 | F13: 0 | G13: 0 | H13: 0 | I13: 0 | J13: 0
... A133: Lawrence Setien | B133: EVALSGEA7 | C133: lawrence.setien@evalueserve.com | D133: 0 | E133: 0 | F133: 0 | G133: 0 | H133: 0 | I133: 0 | J133: 0

Sheet Google Threat Intelligence
A1: Name | B1: DRP ID | C1: Email | D1: DRI through Other Cloud Experience (max 4) | E1: DRI through Project Deployed (max 51) | F1: DRI through Skill Badges (max 15) | G1: DRI through Labs | H1: DRI through Technical Training (max 15) | I1: DRI through Technical Certification (max 15) | J1: Total DRI
A2: Ankit Pandey | B2: EVAAPILP1 | C2: ankit.pandey1@evalueserve.com | D2: 0 | E2: 0 | F2: 0 | G2: 0 | H2: 0 | I2: 0 | J2: 0
A3: Abhinav Chandna | B3: EVAACBIT7 | C3: abhinav.chandna@evalueserve.com | D3: 0 | E3: 0 | F3: 0 | G3: 0 | H3: 0 | I3: 0 | J3: 0
A4: Ravi Teja K | B4: EVARKHHI6 | C4: k.teja@evalueserve.com | D4: 0 | E4: 0 | F4: 0 | G4: 0 | H4: 0 | I4: 0 | J4: 0
A5: Shubham Pathak | B5: EVASPEEM6 | C5: shubham.pathak@evalueserve.com | D5: 0 | E5: 0 | F5: 0 | G5: 0 | H5: 0 | I5: 0 | J5: 0
A6: Sagorika Poddar | B6: EVASPJIR0 | C6: sagorika.poddar1@evalueserve.com | D6: 0 | E6: 0 | F6: 0 | G6: 0 | H6: 0 | I6: 0 | J6: 0
A7: Erick Gonzalez | B7: EVAEGRGT2 | C7: erick.gonzalez@evalueserve.com | D7: 0 | E7: 0 | F7: 0 | G7: 0 | H7: 0 | I7: 0 | J7: 0
A8: Camila Da Silveira | B8: EVACDZQR9 | C8: camila.silveira@evalueserve.com | D8: 0 | E8: 0 | F8: 0 | G8: 0 | H8: 0 | I8: 0 | J8: 0
A9: Dhreti Rishi | B9: EVADRZXB8 | C9: dhreti.rishi@evalueserve.com | D9: 0 | E9: 0 | F9: 0 | G9: 0 | H9: 0 | I9: 0 | J9: 0
A10: Bhavya Shaan | B10: EVABSMNZ9 | C10: bhavya.shaan@evalueserve.com | D10: 0 | E10: 0 | F10: 0 | G10: 0 | H10: 0 | I10: 0 | J10: 0
A11: Mohit Agarwal | B11: EVAMAONM3 | C11: mohit.agarwal3@evalueserve.com | D11: 0 | E11: 0 | F11: 0 | G11: 0 | H11: 0 | I11: 0 | J11: 0
A12: Flavio Boaventura | B12: EVAFBQHW6 | C12: flavio.boaventura@evalueserve.com | D12: 0 | E12: 0 | F12: 0 | G12: 0 | H12: 0 | I12: 0 | J12: 0
A13: RATNAKAR DHRUV VATS | B13: EVARVLMI7 | C13: ratnakar.vats1@evalueserve.com | D13: 0 | E13: 0 | F13: 0 | G13: 0 | H13: 0 | I13: 0 | J13: 0
... A133: Fernando Espinoza | B133: EVAFEAAK8 | C133: fernando.espinoza@evalueserve.com | D133: 0 | E133: 0 | F133: 0 | G133: 0 | H133: 0 | I133: 0 | J133: 0

Sheet Vertex AI Platform
A1: Name | B1: DRP ID | C1: Email | D1: DRI through Other Cloud Experience (max 4) | E1: DRI through Project Deployed (max 51) | F1: DRI through Skill Badges (max 15) | G1: DRI through Labs | H1: DRI through Technical Training (max 15) | I1: DRI through Technical Certification (max 15) | J1: Total DRI
A2: Ankit Pandey | B2: EVAAPILP1 | C2: ankit.pandey1@evalueserve.com | D2: 4 | E2: 0 | F2: 15 | G2: 0 | H2: 15 | I2: 15 | J2: 49
A3: Abhinav Chandna | B3: EVAACBIT7 | C3: abhinav.chandna@evalueserve.com | D3: 4 | E3: 0 | F3: 0 | G3: 0 | H3: 5 | I3: 5 | J3: 14
A4: Ravi Teja K | B4: EVARKHHI6 | C4: k.teja@evalueserve.com | D4: 2 | E4: 0 | F4: 0 | G4: 0 | H4: 5 | I4: 10 | J4: 17
A5: Shubham Pathak | B5: EVASPEEM6 | C5: shubham.pathak@evalueserve.com | D5: 0 | E5: 0 | F5: 0 | G5: 0 | H5: 0 | I5: 0 | J5: 0
A6: Sagorika Poddar | B6: EVASPJIR0 | C6: sagorika.poddar1@evalueserve.com | D6: 0 | E6: 0 | F6: 0 | G6: 0 | H6: 0 | I6: 0 | J6: 0
A7: Erick Gonzalez | B7: EVAEGRGT2 | C7: erick.gonzalez@evalueserve.com | D7: 0 | E7: 0 | F7: 0 | G7: 0 | H7: 0 | I7: 0 | J7: 0
A8: Camila Da Silveira | B8: EVACDZQR9 | C8: camila.silveira@evalueserve.com | D8: 0 | E8: 0 | F8: 0 | G8: 0 | H8: 0 | I8: 0 | J8: 0
